beasties01.smt2; sat, 3: "A" 6: "Q" 9: "G" 12: "G" 15: "G" 18: "G" 21: "G" 24: "G" 27: "Y" 90: "A" ,beasties01.smt2: (error "Parse Error: benchmarks/not_smt/cvc5/real/beasties01.smt2:36.55: Symbol 'str.toLower' not declared as a variable") ,,beasties01.smt2: sat ,(model   (define-fun L12 () String "y")   (define-fun L14 () String "g")   (define-fun L7 () String "q")   (define-fun L5 () String "g")   (define-fun L6 () String "g")   (define-fun L3 () String "g")   (define-fun L4 () String "g")   (define-fun L1 () String "a")   (define-fun L0 () String "g")   (define-fun sym161 () String "A")   (define-fun sym812 () String "G")   (define-fun sym547 () String "G")   (define-fun sym205 () String "Y")   (define-fun sym1244 () String "G")   (define-fun sym1453 () String "G")   (define-fun sym1896 () String "Q")   (define-fun sym1028 () String "G")   (define-fun sym1985 () String "A")   (define-fun sym1669 () String "G")   (define-fun RegLan!106 () RegLan Alphabet) ) ,beasties01.smt2: timeout ,
beasties02.smt2; sat, 3: "H" 6: "H" 9: "H" 12: "H" 15: "H" 18: "G" 21: "H" 24: "G" 27: "Y" 104: "A" ,beasties02.smt2: (error "Parse Error: benchmarks/not_smt/cvc5/real/beasties02.smt2:36.54: Symbol 'str.toLower' not declared as a variable") ,,beasties02.smt2: sat ,(model   (define-fun L8 () String "g")   (define-fun L6 () String "h")   (define-fun L11 () String "h")   (define-fun L33 () String "y")   (define-fun L4 () String "h")   (define-fun L1 () String "h")   (define-fun L2 () String "g")   (define-fun L0 () String "h")   (define-fun L29 () String "h")   (define-fun sym161 () String "A")   (define-fun sym812 () String "H")   (define-fun sym547 () String "G")   (define-fun sym205 () String "Y")   (define-fun sym1033 () String "G")   (define-fun sym1464 () String "H")   (define-fun sym1895 () String "H")   (define-fun sym1249 () String "H")   (define-fun sym2080 () String "H")   (define-fun sym1679 () String "H")   (define-fun RegLan!106 () RegLan Alphabet) ) ,beasties02.smt2: timeout ,
beasties03.smt2; sat, 3: "G" 6: "G" 9: "G" 12: "G" 15: "G" 18: "G" 21: "G" 24: "G" 27: "G" 30: "L" 33: "G" 36: "G" 39: "G" 42: "G" 45: "G" 48: "H" 51: "G" 54: "L" 57: "G" 60: "G" 63: "G" 66: "G" 69: "G" 72: "G" 75: "Y" 237: "A" ,beasties03.smt2: (error "Parse Error: benchmarks/not_smt/cvc5/real/beasties03.smt2:86.55: Symbol 'str.toLower' not declared as a variable") ,,beasties03.smt2: sat ,(model   (define-fun L27 () String "g")   (define-fun L49 () String "g")   (define-fun L17 () String "g")   (define-fun L13 () String "g")   (define-fun L9 () String "l")   (define-fun L15 () String "g")   (define-fun L7 () String "g")   (define-fun L31 () String "g")   (define-fun L53 () String "y")   (define-fun L5 () String "g")   (define-fun L21 () String "g")   (define-fun L11 () String "g")   (define-fun L3 () String "l")   (define-fun L1 () String "g")   (define-fun L16 () String "g")   (define-fun L28 () String "g")   (define-fun L18 () String "g")   (define-fun L12 () String "g")   (define-fun L14 () String "g")   (define-fun L26 () String "g")   (define-fun L8 () String "g")   (define-fun L64 () String "g")   (define-fun L6 () String "g")   (define-fun L2 () String "g")   (define-fun L0 () String "h")   (define-fun sym5252 () String "G")   (define-fun sym4221 () String "G")   (define-fun sym3375 () String "G")   (define-fun sym1450 () String "G")   (define-fun sym5058 () String "G")   (define-fun sym4423 () String "G")   (define-fun sym2741 () String "G")   (define-fun sym4005 () String "G")   (define-fun sym3159 () String "G")   (define-fun sym1234 () String "G")   (define-fun sym3577 () String "L")   (define-fun sym5438 () String "G")   (define-fun sym2525 () String "G")   (define-fun sym2943 () String "G")   (define-fun sym1876 () String "L")   (define-fun sym1659 () String "G")   (define-fun sym2308 () String "H")   (define-fun sym812 () String "G")   (define-fun sym2092 () String "G")   (define-fun sym161 () String "A")   (define-fun sym4855 () String "G")   (define-fun sym3789 () String "G")   (define-fun sym1028 () String "G")   (define-fun sym4639 () String "G")   (define-fun sym547 () String "G")   (define-fun sym205 () String "Y")   (define-fun RegLan!246 () RegLan Alphabet) ) ,beasties03.smt2: timeout ,
beasties04.smt2; sat, 3: "K" 6: "K" 9: "K" 12: "K" 15: "K" 18: "K" 21: "H" 24: "K" 27: "K" 30: "K" 33: "K" 36: "K" 39: "K" 42: "H" 45: "K" 48: "K" 51: "K" 54: "R" 57: "K" 60: "K" 63: "K" 66: "K" 69: "H" 72: "R" 75: "K" 78: "K" 81: "K" 84: "H" 87: "K" 90: "K" 93: "K" 96: "K" 99: "K" 102: "K" 105: "K" 108: "K" 111: "Y" 322: "A" ,beasties04.smt2: (error "Parse Error: benchmarks/not_smt/cvc5/real/beasties04.smt2:121.55: Symbol 'str.toLower' not declared as a variable") ,,beasties04.smt2: sat ,(model   (define-fun L17 () String "k")   (define-fun L29 () String "k")   (define-fun L19 () String "k")   (define-fun L23 () String "k")   (define-fun L45 () String "k")   (define-fun L13 () String "h")   (define-fun L9 () String "k")   (define-fun L25 () String "k")   (define-fun L47 () String "k")   (define-fun L15 () String "r")   (define-fun L59 () String "k")   (define-fun L5 () String "k")   (define-fun L21 () String "r")   (define-fun L11 () String "k")   (define-fun L3 () String "h")   (define-fun L1 () String "k")   (define-fun L102 () String "k")   (define-fun L38 () String "k")   (define-fun L28 () String "k")   (define-fun L18 () String "k")   (define-fun L12 () String "h")   (define-fun L34 () String "k")   (define-fun L24 () String "k")   (define-fun L14 () String "y")   (define-fun L36 () String "k")   (define-fun L48 () String "k")   (define-fun L52 () String "k")   (define-fun L74 () String "k")   (define-fun L42 () String "h")   (define-fun L86 () String "k")   (define-fun L32 () String "k")   (define-fun L6 () String "k")   (define-fun L22 () String "k")   (define-fun L4 () String "k")   (define-fun L60 () String "k")   (define-fun L2 () String "k")   (define-fun L0 () String "k")   (define-fun sym4023 () String "K")   (define-fun sym5531 () String "K")   (define-fun sym3396 () String "H")   (define-fun sym4465 () String "R")   (define-fun sym1233 () String "K")   (define-fun sym3611 () String "K")   (define-fun sym5316 () String "H")   (define-fun sym3810 () String "K")   (define-fun sym2940 () String "K")   (define-fun sym5957 () String "K")   (define-fun sym2727 () String "K")   (define-fun sym4904 () String "K")   (define-fun sym1659 () String "K")   (define-fun sym7647 () String "K")   (define-fun sym7225 () String "K")   (define-fun sym2291 () String "H")   (define-fun sym8013 () String "K")   (define-fun sym4691 () String "K")   (define-fun sym161 () String "A")   (define-fun sym6170 () String "K")   (define-fun sym1020 () String "K")   (define-fun sym3187 () String "R")   (define-fun sym5103 () String "K")   (define-fun sym2078 () String "K")   (define-fun sym4236 () String "K")   (define-fun sym5744 () String "K")   (define-fun sym2514 () String "K")   (define-fun sym1865 () String "K")   (define-fun sym1446 () String "K")   (define-fun sym6802 () String "H")   (define-fun sym547 () String "K")   (define-fun sym205 () String "Y")   (define-fun sym7018 () String "K")   (define-fun sym6369 () String "K")   (define-fun sym7830 () String "K")   (define-fun sym7456 () String "K")   (define-fun sym807 () String "K")   (define-fun sym6582 () String "K")   (define-fun RegLan!342 () RegLan Alphabet) ) ,beasties04.smt2: timeout ,
beasties05.smt2; sat, 3: "R" 6: "R" 9: "R" 12: "K" 15: "K" 18: "K" 21: "H" 24: "K" 27: "R" 30: "K" 33: "K" 36: "K" 39: "R" 42: "K" 45: "K" 48: "H" 51: "K" 54: "K" 57: "K" 60: "K" 63: "K" 66: "Y" 200: "A" ,beasties05.smt2: (error "Parse Error: benchmarks/not_smt/cvc5/real/beasties05.smt2:75.55: Symbol 'str.toLower' not declared as a variable") ,,beasties05.smt2: sat ,(model   (define-fun L16 () String "k")   (define-fun L27 () String "r")   (define-fun L38 () String "k")   (define-fun L19 () String "k")   (define-fun L12 () String "k")   (define-fun L56 () String "y")   (define-fun L24 () String "r")   (define-fun L9 () String "k")   (define-fun L14 () String "k")   (define-fun L26 () String "r")   (define-fun L59 () String "k")   (define-fun L8 () String "k")   (define-fun L5 () String "k")   (define-fun L10 () String "h")   (define-fun L6 () String "k")   (define-fun L11 () String "k")   (define-fun L3 () String "r")   (define-fun L4 () String "k")   (define-fun L1 () String "k")   (define-fun L2 () String "k")   (define-fun L40 () String "r")   (define-fun L0 () String "h")   (define-fun sym4492 () String "R")   (define-fun sym2095 () String "K")   (define-fun sym161 () String "A")   (define-fun sym4056 () String "K")   (define-fun sym4684 () String "R")   (define-fun sym1020 () String "K")   (define-fun sym3189 () String "R")   (define-fun sym4269 () String "K")   (define-fun sym1233 () String "K")   (define-fun sym1882 () String "K")   (define-fun sym2335 () String "R")   (define-fun sym3843 () String "K")   (define-fun sym2544 () String "K")   (define-fun sym2986 () String "K")   (define-fun sym3415 () String "K")   (define-fun sym1446 () String "K")   (define-fun sym4869 () String "R")   (define-fun sym2757 () String "K")   (define-fun sym3628 () String "H")   (define-fun sym1659 () String "H")   (define-fun sym547 () String "K")   (define-fun sym205 () String "Y")   (define-fun sym807 () String "K")   (define-fun RegLan!214 () RegLan Alphabet) ) ,beasties05.smt2: timeout ,
beasties06.smt2; sat, 3: "G" 6: "G" 9: "G" 12: "G" 15: "G" 18: "G" 21: "G" 24: "G" 27: "Y" 86: "A" ,beasties06.smt2: (error "Parse Error: benchmarks/not_smt/cvc5/real/beasties06.smt2:37.55: Symbol 'str.toLower' not declared as a variable") ,,beasties06.smt2: sat ,(model   (define-fun L9 () String "g")   (define-fun L7 () String "g")   (define-fun L8 () String "y")   (define-fun L5 () String "g")   (define-fun L3 () String "g")   (define-fun L1 () String "g")   (define-fun L2 () String "g")   (define-fun L16 () String "g")   (define-fun L0 () String "g")   (define-fun sym161 () String "A")   (define-fun sym2096 () String "G")   (define-fun sym812 () String "G")   (define-fun sym547 () String "G")   (define-fun sym205 () String "Y")   (define-fun sym1453 () String "G")   (define-fun sym1244 () String "G")   (define-fun sym1896 () String "G")   (define-fun sym1028 () String "G")   (define-fun sym1669 () String "G")   (define-fun RegLan!106 () RegLan Alphabet) ) ,beasties06.smt2: timeout ,
beasties07.smt2; sat, 3: "K" 6: "K" 9: "K" 12: "K" 15: "H" 18: "K" 21: "K" 24: "K" 27: "K" 30: "K" 33: "K" 36: "Y" 106: "A" ,beasties07.smt2: (error "Parse Error: benchmarks/not_smt/cvc5/real/beasties07.smt2:45.57: Symbol 'str.toLower' not declared as a variable") ,,beasties07.smt2: sat ,(model   (define-fun L13 () String "k")   (define-fun L9 () String "h")   (define-fun L7 () String "k")   (define-fun L21 () String "k")   (define-fun L6 () String "k")   (define-fun L11 () String "k")   (define-fun L3 () String "k")   (define-fun L1 () String "k")   (define-fun L2 () String "k")   (define-fun L27 () String "k")   (define-fun L0 () String "y")   (define-fun L18 () String "k")   (define-fun sym2095 () String "K")   (define-fun sym161 () String "A")   (define-fun sym1020 () String "K")   (define-fun sym2301 () String "K")   (define-fun sym1872 () String "H")   (define-fun sym1233 () String "K")   (define-fun sym2751 () String "K")   (define-fun sym1446 () String "K")   (define-fun sym2548 () String "K")   (define-fun sym1659 () String "K")   (define-fun sym547 () String "K")   (define-fun sym205 () String "Y")   (define-fun sym807 () String "K")   (define-fun RegLan!122 () RegLan Alphabet) ) ,beasties07.smt2: timeout ,
beasties08.smt2; sat, 3: "L" 6: "L" 9: "Y" 36: "A" ,beasties08.smt2: (error "Parse Error: benchmarks/not_smt/cvc5/real/beasties08.smt2:21.49: Symbol 'str.toLower' not declared as a variable") ,,beasties08.smt2: sat ,(model   (define-fun L3 () String "y")   (define-fun L4 () String "l")   (define-fun L0 () String "l")   (define-fun sym161 () String "A")   (define-fun sym748 () String "L")   (define-fun sym547 () String "L")   (define-fun sym205 () String "Y")   (define-fun RegLan!106 () RegLan Alphabet) ) ,beasties08.smt2: timeout ,
beasties09.smt2; sat, 3: "L" 6: "L" 9: "G" 12: "G" 15: "G" 18: "H" 21: "G" 24: "G" 27: "G" 30: "L" 33: "G" 36: "G" 39: "G" 42: "H" 45: "G" 48: "G" 51: "G" 54: "L" 57: "G" 60: "G" 63: "G" 66: "G" 69: "G" 72: "G" 75: "Y" 244: "A" ,beasties09.smt2: (error "Parse Error: benchmarks/not_smt/cvc5/real/beasties09.smt2:84.55: Symbol 'str.toLower' not declared as a variable") ,,beasties09.smt2: sat ,(model   (define-fun L27 () String "l")   (define-fun L49 () String "g")   (define-fun L17 () String "g")   (define-fun L29 () String "g")   (define-fun L19 () String "h")   (define-fun L13 () String "g")   (define-fun L35 () String "g")   (define-fun L9 () String "g")   (define-fun L37 () String "g")   (define-fun L7 () String "g")   (define-fun L31 () String "g")   (define-fun L5 () String "g")   (define-fun L3 () String "g")   (define-fun L1 () String "l")   (define-fun L12 () String "h")   (define-fun L34 () String "g")   (define-fun L14 () String "g")   (define-fun L30 () String "l")   (define-fun L74 () String "y")   (define-fun L8 () String "g")   (define-fun L32 () String "g")   (define-fun L6 () String "g")   (define-fun L4 () String "g")   (define-fun L2 () String "l")   (define-fun L0 () String "g")   (define-fun sym3375 () String "G")   (define-fun sym5257 () String "L")   (define-fun sym4642 () String "G")   (define-fun sym3159 () String "G")   (define-fun sym4005 () String "G")   (define-fun sym2102 () String "G")   (define-fun sym2520 () String "G")   (define-fun sym1453 () String "G")   (define-fun sym3577 () String "L")   (define-fun sym4844 () String "G")   (define-fun sym4427 () String "H")   (define-fun sym2943 () String "G")   (define-fun sym1237 () String "G")   (define-fun sym2726 () String "H")   (define-fun sym812 () String "G")   (define-fun sym161 () String "A")   (define-fun sym5463 () String "L")   (define-fun sym4211 () String "G")   (define-fun sym3789 () String "G")   (define-fun sym1028 () String "G")   (define-fun sym1886 () String "L")   (define-fun sym2318 () String "G")   (define-fun sym1669 () String "G")   (define-fun sym547 () String "G")   (define-fun sym205 () String "Y")   (define-fun sym5050 () String "G")   (define-fun RegLan!232 () RegLan Alphabet) ) ,beasties09.smt2: timeout ,
beasties10.smt2; sat, 3: "R" 6: "R" 9: "Y" 34: "A" ,beasties10.smt2: (error "Parse Error: benchmarks/not_smt/cvc5/real/beasties10.smt2:19.49: Symbol 'str.toLower' not declared as a variable") ,,beasties10.smt2: sat ,(model   (define-fun L3 () String "r")   (define-fun L1 () String "r")   (define-fun L0 () String "y")   (define-fun sym161 () String "A")   (define-fun sym547 () String "R")   (define-fun sym205 () String "Y")   (define-fun sym743 () String "R")   (define-fun RegLan!106 () RegLan Alphabet) ) ,beasties10.smt2: timeout ,
beasties11.smt2; sat, 3: "H" 6: "H" 9: "Y" 38: "A" ,beasties11.smt2: (error "Parse Error: benchmarks/not_smt/cvc5/real/beasties11.smt2:18.49: Symbol 'str.toLower' not declared as a variable") ,,beasties11.smt2: sat ,(model   (define-fun L3 () String "h")   (define-fun L1 () String "y")   (define-fun L0 () String "h")   (define-fun sym161 () String "A")   (define-fun sym547 () String "H")   (define-fun sym205 () String "Y")   (define-fun sym753 () String "H")   (define-fun RegLan!106 () RegLan Alphabet) ) ,beasties11.smt2: timeout ,
beasties12.smt2; sat, 3: "Y" 6: "A" 18: "A" 24: "A" ,beasties12.smt2: (error "Parse Error: benchmarks/not_smt/cvc5/real/beasties12.smt2:17.57: Symbol 'str.toLower' not declared as a variable") ,,beasties12.smt2: sat ,(model   (define-fun L1 () String "a")   (define-fun L0 () String "y")   (define-fun sym161 () String "A")   (define-fun sym328 () String "Y")   (define-fun sym205 () String "A")   (define-fun sym300 () String "A")   (define-fun RegLan!106 () RegLan Alphabet) ) ,beasties12.smt2: timeout ,
beasties13.smt2; sat, 3: "Y" 14: "" ,beasties13.smt2: (error "Parse Error: benchmarks/not_smt/cvc5/real/beasties13.smt2:14.57: Symbol 'str.toLower' not declared as a variable") ,,beasties13.smt2: sat ,(model   (define-fun L0 () String "y")   (define-fun sym161 () String "")   (define-fun sym209 () String "Y")   (define-fun RegLan!106 () RegLan Alphabet) ) ,beasties13.smt2: timeout ,
beasties14.smt2; sat, 3: "A" 6: "Y" 26: "" ,beasties14.smt2: (error "Parse Error: benchmarks/not_smt/cvc5/real/beasties14.smt2:17.54: Symbol 'str.toLower' not declared as a variable") ,,beasties14.smt2: sat ,(model   (define-fun L3 () String "y")   (define-fun L0 () String "a")   (define-fun sym161 () String "")   (define-fun sym209 () String "Y")   (define-fun sym551 () String "A")   (define-fun RegLan!106 () RegLan Alphabet) ) ,beasties14.smt2: timeout ,
beasties15.smt2; sat, 3: "A" 6: "K" 9: "K" 12: "K" 15: "K" 18: "H" 21: "K" 24: "R" 27: "K" 30: "K" 33: "K" 36: "K" 39: "K" 42: "P" 45: "G" 48: "G" 51: "G" 54: "H" 57: "G" 60: "G" 63: "G" 66: "L" 69: "G" 72: "G" 75: "G" 78: "G" 81: "G" 84: "H" 87: "G" 90: "L" 93: "G" 96: "G" 99: "G" 102: "G" 105: "G" 108: "G" 111: "Y" 339: "" ,beasties15.smt2: (error "Parse Error: benchmarks/not_smt/cvc5/real/beasties15.smt2:120.55: Symbol 'str.toLower' not declared as a variable") ,,beasties15.smt2: sat ,(model   (define-fun L17 () String "r")   (define-fun L13 () String "g")   (define-fun L47 () String "k")   (define-fun L7 () String "h")   (define-fun L41 () String "g")   (define-fun L63 () String "g")   (define-fun L5 () String "g")   (define-fun L21 () String "k")   (define-fun L65 () String "k")   (define-fun L11 () String "l")   (define-fun L3 () String "k")   (define-fun L71 () String "k")   (define-fun L51 () String "g")   (define-fun L28 () String "k")   (define-fun L18 () String "g")   (define-fun L12 () String "k")   (define-fun L24 () String "h")   (define-fun L68 () String "k")   (define-fun L14 () String "g")   (define-fun L36 () String "g")   (define-fun L58 () String "k")   (define-fun L115 () String "y")   (define-fun L48 () String "g")   (define-fun L30 () String "k")   (define-fun L8 () String "g")   (define-fun L20 () String "g")   (define-fun L10 () String "g")   (define-fun L76 () String "a")   (define-fun L6 () String "g")   (define-fun L22 () String "p")   (define-fun L44 () String "g")   (define-fun L4 () String "g")   (define-fun L94 () String "g")   (define-fun L2 () String "l")   (define-fun L40 () String "g")   (define-fun L62 () String "g")   (define-fun L0 () String "h")   (define-fun sym7395 () String "K")   (define-fun sym1032 () String "G")   (define-fun sym4441 () String "H")   (define-fun sym5513 () String "K")   (define-fun sym1673 () String "G")   (define-fun sym4029 () String "G")   (define-fun sym5934 () String "K")   (define-fun sym1457 () String "G")   (define-fun sym551 () String "G")   (define-fun sym2967 () String "G")   (define-fun sym2549 () String "G")   (define-fun sym7809 () String "K")   (define-fun sym3813 () String "G")   (define-fun sym816 () String "G")   (define-fun sym7889 () String "A")   (define-fun sym6778 () String "K")   (define-fun sym7602 () String "K")   (define-fun sym6334 () String "K")   (define-fun sym6575 () String "R")   (define-fun sym7188 () String "K")   (define-fun sym3183 () String "G")   (define-fun sym161 () String "")   (define-fun sym3385 () String "G")   (define-fun sym2332 () String "H")   (define-fun sym4872 () String "G")   (define-fun sym4235 () String "G")   (define-fun sym2751 () String "G")   (define-fun sym2116 () String "G")   (define-fun sym4656 () String "G")   (define-fun sym3601 () String "L")   (define-fun sym1248 () String "G")   (define-fun sym5727 () String "K")   (define-fun sym1900 () String "L")   (define-fun sym209 () String "Y")   (define-fun sym6127 () String "K")   (define-fun sym6985 () String "H")   (define-fun sym5291 () String "P")   (define-fun sym5074 () String "G")   (define-fun RegLan!332 () RegLan Alphabet) ) ,beasties15.smt2: timeout ,
beasties16.smt2; sat, 3: "A" 6: "G" 9: "G" 12: "K" 15: "P" 18: "P" 21: "P" 24: "P" 27: "P" 30: "P" 33: "P" 36: "H" 39: "G" 42: "K" 45: "P" 48: "Y" 133: "" ,beasties16.smt2: (error "Parse Error: benchmarks/not_smt/cvc5/real/beasties16.smt2:58.55: Symbol 'str.toLower' not declared as a variable") ,,beasties16.smt2: sat ,(model   (define-fun L16 () String "k")   (define-fun L27 () String "y")   (define-fun L19 () String "p")   (define-fun L13 () String "p")   (define-fun L24 () String "p")   (define-fun L9 () String "g")   (define-fun L14 () String "a")   (define-fun L5 () String "h")   (define-fun L32 () String "p")   (define-fun L6 () String "g")   (define-fun L22 () String "p")   (define-fun L3 () String "p")   (define-fun L4 () String "p")   (define-fun L1 () String "p")   (define-fun L2 () String "g")   (define-fun L0 () String "k")   (define-fun sym161 () String "")   (define-fun sym3011 () String "K")   (define-fun sym1485 () String "P")   (define-fun sym3530 () String "A")   (define-fun sym1264 () String "H")   (define-fun sym2793 () String "P")   (define-fun sym3433 () String "G")   (define-fun sym2575 () String "P")   (define-fun sym2357 () String "P")   (define-fun sym2139 () String "P")   (define-fun sym551 () String "P")   (define-fun sym1039 () String "G")   (define-fun sym3217 () String "G")   (define-fun sym1921 () String "P")   (define-fun sym817 () String "K")   (define-fun sym1703 () String "P")   (define-fun sym209 () String "Y")   (define-fun RegLan!150 () RegLan Alphabet) ) ,beasties16.smt2: timeout ,
beasties17.smt2; sat, 3: "A" 6: "P" 9: "G" 12: "K" 15: "P" 18: "G" 21: "K" 24: "P" 27: "G" 30: "K" 33: "P" 36: "G" 39: "K" 42: "P" 45: "Y" 125: "" ,beasties17.smt2: (error "Parse Error: benchmarks/not_smt/cvc5/real/beasties17.smt2:54.55: Symbol 'str.toLower' not declared as a variable") ,,beasties17.smt2: sat ,(model   (define-fun L27 () String "k")   (define-fun L12 () String "a")   (define-fun L13 () String "k")   (define-fun L7 () String "p")   (define-fun L8 () String "y")   (define-fun L5 () String "k")   (define-fun L10 () String "g")   (define-fun L21 () String "g")   (define-fun L32 () String "p")   (define-fun L6 () String "p")   (define-fun L22 () String "p")   (define-fun L3 () String "p")   (define-fun L1 () String "g")   (define-fun L2 () String "k")   (define-fun L0 () String "g")   (define-fun sym161 () String "")   (define-fun sym1073 () String "G")   (define-fun sym2365 () String "G")   (define-fun sym2587 () String "P")   (define-fun sym1731 () String "G")   (define-fun sym3006 () String "G")   (define-fun sym1304 () String "P")   (define-fun sym2811 () String "K")   (define-fun sym551 () String "P")   (define-fun sym3327 () String "A")   (define-fun sym3228 () String "P")   (define-fun sym1528 () String "K")   (define-fun sym817 () String "K")   (define-fun sym1946 () String "P")   (define-fun sym209 () String "Y")   (define-fun sym2170 () String "K")   (define-fun RegLan!154 () RegLan Alphabet) ) ,beasties17.smt2: timeout ,
beasties18.smt2; sat, 3: "A" 6: "P" 9: "K" 12: "P" 15: "K" 18: "P" 21: "K" 24: "P" 27: "K" 30: "P" 33: "H" 36: "K" 39: "P" 42: "H" 45: "K" 48: "P" 51: "H" 54: "K" 57: "P" 60: "H" 63: "K" 66: "P" 69: "Y" 197: "A" ,beasties18.smt2: (error "Parse Error: benchmarks/not_smt/cvc5/real/beasties18.smt2:78.54: Symbol 'str.toLower' not declared as a variable") ,,beasties18.smt2: sat ,(model   (define-fun L38 () String "y")   (define-fun L17 () String "k")   (define-fun L39 () String "p")   (define-fun L18 () String "k")   (define-fun L12 () String "p")   (define-fun L45 () String "p")   (define-fun L24 () String "h")   (define-fun L46 () String "k")   (define-fun L9 () String "p")   (define-fun L14 () String "p")   (define-fun L25 () String "k")   (define-fun L36 () String "p")   (define-fun L15 () String "k")   (define-fun L7 () String "k")   (define-fun L8 () String "k")   (define-fun L5 () String "k")   (define-fun L10 () String "h")   (define-fun L6 () String "p")   (define-fun L4 () String "h")   (define-fun L1 () String "a")   (define-fun L50 () String "p")   (define-fun L2 () String "h")   (define-fun L0 () String "p")   (define-fun sym4240 () String "K")   (define-fun sym161 () String "A")   (define-fun sym3197 () String "P")   (define-fun sym2550 () String "P")   (define-fun sym2981 () String "H")   (define-fun sym2122 () String "K")   (define-fun sym1476 () String "K")   (define-fun sym4028 () String "P")   (define-fun sym1035 () String "H")   (define-fun sym1258 () String "P")   (define-fun sym4447 () String "P")   (define-fun sym2335 () String "H")   (define-fun sym4866 () String "P")   (define-fun sym3821 () String "K")   (define-fun sym3402 () String "K")   (define-fun sym4965 () String "A")   (define-fun sym1689 () String "H")   (define-fun sym4659 () String "K")   (define-fun sym2768 () String "K")   (define-fun sym1904 () String "P")   (define-fun sym3609 () String "P")   (define-fun sym813 () String "K")   (define-fun sym547 () String "P")   (define-fun sym205 () String "Y")   (define-fun RegLan!218 () RegLan Alphabet) ) ,beasties18.smt2: timeout ,
beasties19.smt2; sat, 3: "A" 6: "P" 9: "K" 12: "P" 15: "K" 18: "P" 21: "K" 24: "P" 27: "K" 30: "P" 33: "K" 36: "P" 39: "K" 42: "P" 45: "K" 48: "P" 51: "Y" 134: "" ,beasties19.smt2: (error "Parse Error: benchmarks/not_smt/cvc5/real/beasties19.smt2:60.55: Symbol 'str.toLower' not declared as a variable") ,,beasties19.smt2: sat ,(model   (define-fun L17 () String "p")   (define-fun L19 () String "k")   (define-fun L12 () String "p")   (define-fun L13 () String "p")   (define-fun L9 () String "p")   (define-fun L14 () String "p")   (define-fun L15 () String "a")   (define-fun L8 () String "p")   (define-fun L20 () String "p")   (define-fun L5 () String "k")   (define-fun L10 () String "y")   (define-fun L6 () String "p")   (define-fun L11 () String "k")   (define-fun L4 () String "k")   (define-fun L1 () String "k")   (define-fun L2 () String "k")   (define-fun L0 () String "k")   (define-fun sym1470 () String "P")   (define-fun sym161 () String "")   (define-fun sym2550 () String "K")   (define-fun sym3187 () String "P")   (define-fun sym2332 () String "P")   (define-fun sym2974 () String "K")   (define-fun sym1257 () String "K")   (define-fun sym2756 () String "P")   (define-fun sym3405 () String "K")   (define-fun sym551 () String "P")   (define-fun sym1039 () String "P")   (define-fun sym1688 () String "K")   (define-fun sym2119 () String "K")   (define-fun sym817 () String "K")   (define-fun sym3717 () String "A")   (define-fun sym3618 () String "P")   (define-fun sym1901 () String "P")   (define-fun sym209 () String "Y")   (define-fun RegLan!170 () RegLan Alphabet) ) ,beasties19.smt2: timeout ,
beasties20.smt2; sat, 3: "A" 6: "P" 9: "L" 12: "G" 15: "P" 18: "G" 21: "P" 24: "H" 27: "G" 30: "P" 33: "H" 36: "G" 39: "P" 42: "H" 45: "G" 48: "P" 51: "H" 54: "G" 57: "P" 60: "Y" 184: "A" ,beasties20.smt2: (error "Parse Error: benchmarks/not_smt/cvc5/real/beasties20.smt2:69.55: Symbol 'str.toLower' not declared as a variable") ,,beasties20.smt2: sat ,(model   (define-fun L16 () String "h")   (define-fun L34 () String "p")   (define-fun L13 () String "g")   (define-fun L46 () String "p")   (define-fun L9 () String "p")   (define-fun L14 () String "h")   (define-fun L15 () String "h")   (define-fun L48 () String "g")   (define-fun L8 () String "g")   (define-fun L20 () String "g")   (define-fun L5 () String "g")   (define-fun L10 () String "a")   (define-fun L32 () String "y")   (define-fun L54 () String "p")   (define-fun L6 () String "p")   (define-fun L11 () String "g")   (define-fun L66 () String "p")   (define-fun L4 () String "p")   (define-fun L1 () String "l")   (define-fun L0 () String "h")   (define-fun sym161 () String "A")   (define-fun sym1261 () String "P")   (define-fun sym4253 () String "P")   (define-fun sym1040 () String "H")   (define-fun sym4352 () String "A")   (define-fun sym2770 () String "G")   (define-fun sym2552 () String "P")   (define-fun sym4047 () String "L")   (define-fun sym3202 () String "P")   (define-fun sym1695 () String "H")   (define-fun sym3414 () String "G")   (define-fun sym3624 () String "P")   (define-fun sym1479 () String "G")   (define-fun sym2337 () String "H")   (define-fun sym2986 () String "H")   (define-fun sym2128 () String "G")   (define-fun sym1910 () String "P")   (define-fun sym3836 () String "G")   (define-fun sym813 () String "G")   (define-fun sym547 () String "P")   (define-fun sym205 () String "Y")   (define-fun RegLan!184 () RegLan Alphabet) ) ,beasties20.smt2: timeout ,
beasties21.smt2; sat, 3: "A" 6: "G" 9: "P" 12: "G" 15: "P" 18: "G" 21: "P" 24: "G" 27: "P" 30: "G" 33: "P" 36: "Y" 102: "" ,beasties21.smt2: (error "Parse Error: benchmarks/not_smt/cvc5/real/beasties21.smt2:45.55: Symbol 'str.toLower' not declared as a variable") ,,beasties21.smt2: sat ,(model   (define-fun L13 () String "p")   (define-fun L15 () String "a")   (define-fun L8 () String "p")   (define-fun L20 () String "p")   (define-fun L10 () String "y")   (define-fun L6 () String "g")   (define-fun L22 () String "p")   (define-fun L3 () String "g")   (define-fun L4 () String "p")   (define-fun L1 () String "g")   (define-fun L2 () String "g")   (define-fun L0 () String "g")   (define-fun sym1690 () String "G")   (define-fun sym161 () String "")   (define-fun sym1472 () String "P")   (define-fun sym2551 () String "G")   (define-fun sym1256 () String "G")   (define-fun sym2333 () String "P")   (define-fun sym1038 () String "P")   (define-fun sym2117 () String "G")   (define-fun sym551 () String "P")   (define-fun sym2648 () String "A")   (define-fun sym1899 () String "P")   (define-fun sym209 () String "Y")   (define-fun sym800 () String "G")   (define-fun RegLan!126 () RegLan Alphabet) ) ,beasties21.smt2: timeout ,
beasties22.smt2; sat, 3: "A" 6: "P" 9: "P" 12: "P" 15: "P" 18: "P" 21: "P" 24: "P" 27: "H" 30: "P" 33: "H" 36: "P" 39: "H" 42: "P" 45: "H" 48: "P" 51: "Y" 147: "" ,beasties22.smt2: (error "Parse Error: benchmarks/not_smt/cvc5/real/beasties22.smt2:61.55: Symbol 'str.toLower' not declared as a variable") ,,beasties22.smt2: sat ,(model   (define-fun L16 () String "p")   (define-fun L29 () String "p")   (define-fun L23 () String "p")   (define-fun L34 () String "p")   (define-fun L13 () String "p")   (define-fun L14 () String "a")   (define-fun L25 () String "p")   (define-fun L26 () String "h")   (define-fun L7 () String "h")   (define-fun L8 () String "h")   (define-fun L5 () String "p")   (define-fun L11 () String "p")   (define-fun L3 () String "h")   (define-fun L4 () String "p")   (define-fun L1 () String "y")   (define-fun L2 () String "p")   (define-fun L0 () String "p")   (define-fun sym3184 () String "P")   (define-fun sym161 () String "")   (define-fun sym3396 () String "P")   (define-fun sym2120 () String "H")   (define-fun sym1254 () String "H")   (define-fun sym2760 () String "P")   (define-fun sym1036 () String "P")   (define-fun sym2972 () String "P")   (define-fun sym2336 () String "P")   (define-fun sym1687 () String "H")   (define-fun sym1469 () String "P")   (define-fun sym551 () String "P")   (define-fun sym2548 () String "P")   (define-fun sym1902 () String "P")   (define-fun sym817 () String "H")   (define-fun sym3707 () String "A")   (define-fun sym3608 () String "P")   (define-fun sym209 () String "Y")   (define-fun RegLan!162 () RegLan Alphabet) ) ,beasties22.smt2: timeout ,
beasties23.smt2; sat, 3: "A" 6: "P" 9: "P" 12: "P" 15: "P" 18: "P" 21: "P" 24: "P" 27: "P" 30: "P" 33: "P" 36: "Y" 92: "" ,beasties23.smt2: (error "Parse Error: benchmarks/not_smt/cvc5/real/beasties23.smt2:45.55: Symbol 'str.toLower' not declared as a variable") ,,beasties23.smt2: sat ,(model   (define-fun L12 () String "p")   (define-fun L9 () String "p")   (define-fun L15 () String "p")   (define-fun L8 () String "p")   (define-fun L5 () String "p")   (define-fun L10 () String "p")   (define-fun L3 () String "p")   (define-fun L4 () String "p")   (define-fun L1 () String "p")   (define-fun L2 () String "y")   (define-fun L0 () String "a")   (define-fun L17 () String "p")   (define-fun sym161 () String "")   (define-fun sym2561 () String "P")   (define-fun sym2660 () String "A")   (define-fun sym1471 () String "P")   (define-fun sym2343 () String "P")   (define-fun sym1253 () String "P")   (define-fun sym2125 () String "P")   (define-fun sym1035 () String "P")   (define-fun sym1689 () String "P")   (define-fun sym551 () String "P")   (define-fun sym817 () String "P")   (define-fun sym209 () String "Y")   (define-fun sym1907 () String "P")   (define-fun RegLan!118 () RegLan Alphabet) ) ,beasties23.smt2: timeout ,
beasties24.smt2; sat, 3: "A" 6: "K" 9: "K" 12: "K" 15: "K" 18: "K" 21: "K" 24: "H" 27: "G" 30: "G" 33: "G" 36: "G" 39: "G" 42: "G" 45: "H" 48: "L" 51: "G" 54: "G" 57: "G" 60: "G" 63: "G" 66: "G" 69: "L" 72: "K" 75: "H" 78: "G" 81: "G" 84: "G" 87: "G" 90: "G" 93: "G" 96: "K" 99: "Y" 306: "" ,beasties24.smt2: (error "Parse Error: benchmarks/not_smt/cvc5/real/beasties24.smt2:110.55: Symbol 'str.toLower' not declared as a variable") ,,beasties24.smt2: sat ,(model   (define-fun L19 () String "k")   (define-fun L23 () String "g")   (define-fun L13 () String "g")   (define-fun L35 () String "g")   (define-fun L9 () String "g")   (define-fun L25 () String "g")   (define-fun L7 () String "a")   (define-fun L41 () String "k")   (define-fun L53 () String "g")   (define-fun L5 () String "k")   (define-fun L65 () String "k")   (define-fun L11 () String "g")   (define-fun L33 () String "g")   (define-fun L3 () String "h")   (define-fun L1 () String "g")   (define-fun L16 () String "y")   (define-fun L38 () String "g")   (define-fun L28 () String "k")   (define-fun L18 () String "g")   (define-fun L12 () String "g")   (define-fun L24 () String "g")   (define-fun L14 () String "h")   (define-fun L48 () String "g")   (define-fun L30 () String "g")   (define-fun L8 () String "g")   (define-fun L20 () String "k")   (define-fun L10 () String "k")   (define-fun L76 () String "k")   (define-fun L6 () String "g")   (define-fun L22 () String "l")   (define-fun L4 () String "g")   (define-fun L2 () String "h")   (define-fun L0 () String "l")   (define-fun sym5493 () String "G")   (define-fun sym5075 () String "G")   (define-fun sym1252 () String "G")   (define-fun sym4441 () String "G")   (define-fun sym3596 () String "G")   (define-fun sym1036 () String "G")   (define-fun sym4226 () String "H")   (define-fun sym1893 () String "G")   (define-fun sym3798 () String "G")   (define-fun sym2962 () String "G")   (define-fun sym2544 () String "L")   (define-fun sym551 () String "K")   (define-fun sym1677 () String "G")   (define-fun sym6737 () String "K")   (define-fun sym811 () String "G")   (define-fun sym6116 () String "K")   (define-fun sym6530 () String "K")   (define-fun sym7024 () String "A")   (define-fun sym3380 () String "G")   (define-fun sym161 () String "")   (define-fun sym3164 () String "G")   (define-fun sym1461 () String "G")   (define-fun sym2110 () String "H")   (define-fun sym4014 () String "L")   (define-fun sym2331 () String "K")   (define-fun sym5700 () String "H")   (define-fun sym4657 () String "G")   (define-fun sym2756 () String "G")   (define-fun sym4859 () String "G")   (define-fun sym209 () String "Y")   (define-fun sym5909 () String "K")   (define-fun sym6944 () String "K")   (define-fun sym6323 () String "K")   (define-fun sym5291 () String "G")   (define-fun RegLan!326 () RegLan Alphabet) ) ,beasties24.smt2: timeout ,
beasties25.smt2; sat, 3: "A" 6: "K" 9: "G" 12: "K" 15: "L" 18: "G" 21: "G" 24: "K" 27: "K" 30: "H" 33: "G" 36: "K" 39: "H" 42: "G" 45: "K" 48: "H" 51: "G" 54: "K" 57: "H" 60: "G" 63: "K" 66: "Y" 208: "" ,beasties25.smt2: (error "Parse Error: benchmarks/not_smt/cvc5/real/beasties25.smt2:76.55: Symbol 'str.toLower' not declared as a variable") ,,beasties25.smt2: sat ,(model   (define-fun L27 () String "g")   (define-fun L38 () String "g")   (define-fun L17 () String "k")   (define-fun L12 () String "g")   (define-fun L23 () String "k")   (define-fun L13 () String "k")   (define-fun L35 () String "y")   (define-fun L9 () String "h")   (define-fun L7 () String "g")   (define-fun L8 () String "g")   (define-fun L53 () String "k")   (define-fun L5 () String "g")   (define-fun L10 () String "l")   (define-fun L21 () String "k")   (define-fun L6 () String "h")   (define-fun L11 () String "k")   (define-fun L3 () String "h")   (define-fun L4 () String "k")   (define-fun L71 () String "a")   (define-fun L1 () String "h")   (define-fun L2 () String "k")   (define-fun L0 () String "g")   (define-fun sym161 () String "")   (define-fun sym1470 () String "G")   (define-fun sym4000 () String "L")   (define-fun sym3583 () String "G")   (define-fun sym3793 () String "G")   (define-fun sym3376 () String "K")   (define-fun sym1894 () String "K")   (define-fun sym2323 () String "H")   (define-fun sym1036 () String "H")   (define-fun sym4413 () String "G")   (define-fun sym2751 () String "G")   (define-fun sym3169 () String "K")   (define-fun sym4623 () String "K")   (define-fun sym1257 () String "K")   (define-fun sym4206 () String "K")   (define-fun sym2107 () String "G")   (define-fun sym551 () String "K")   (define-fun sym2953 () String "H")   (define-fun sym2538 () String "K")   (define-fun sym1679 () String "H")   (define-fun sym4717 () String "A")   (define-fun sym209 () String "Y")   (define-fun sym811 () String "G")   (define-fun RegLan!214 () RegLan Alphabet) ) ,beasties25.smt2: timeout ,
beasties26.smt2; sat, 3: "A" 6: "G" 9: "K" 12: "G" 15: "K" 18: "G" 21: "K" 24: "G" 27: "K" 30: "Y" 90: "" ,beasties26.smt2: (error "Parse Error: benchmarks/not_smt/cvc5/real/beasties26.smt2:39.49: Symbol 'str.toLower' not declared as a variable") ,,beasties26.smt2: sat ,(model   (define-fun L13 () String "g")   (define-fun L10 () String "g")   (define-fun L21 () String "k")   (define-fun L6 () String "a")   (define-fun L3 () String "g")   (define-fun L4 () String "g")   (define-fun L1 () String "k")   (define-fun L2 () String "k")   (define-fun L0 () String "y")   (define-fun L17 () String "k")   (define-fun sym161 () String "")   (define-fun sym209 () String "Y")   (define-fun sym2187 () String "A")   (define-fun sym811 () String "G")   (define-fun sym1232 () String "G")   (define-fun sym1455 () String "K")   (define-fun sym2090 () String "G")   (define-fun sym551 () String "K")   (define-fun sym1877 () String "K")   (define-fun sym1668 () String "G")   (define-fun sym1019 () String "K")   (define-fun RegLan!106 () RegLan Alphabet) ) ,beasties26.smt2: timeout ,
beasties27.smt2; sat, 3: "A" 6: "K" 9: "K" 12: "K" 15: "K" 18: "R" 21: "K" 24: "K" 27: "K" 30: "K" 33: "K" 36: "H" 39: "K" 42: "H" 45: "K" 48: "H" 51: "K" 54: "H" 57: "K" 60: "G" 63: "K" 66: "Y" 201: "" ,beasties27.smt2: (error "Parse Error: benchmarks/not_smt/cvc5/real/beasties27.smt2:75.50: Symbol 'str.toLower' not declared as a variable") ,,beasties27.smt2: sat ,(model   (define-fun L16 () String "r")   (define-fun L27 () String "g")   (define-fun L17 () String "k")   (define-fun L28 () String "k")   (define-fun L19 () String "y")   (define-fun L12 () String "k")   (define-fun L23 () String "k")   (define-fun L45 () String "k")   (define-fun L24 () String "k")   (define-fun L14 () String "k")   (define-fun L25 () String "k")   (define-fun L59 () String "k")   (define-fun L7 () String "h")   (define-fun L30 () String "k")   (define-fun L8 () String "h")   (define-fun L43 () String "k")   (define-fun L6 () String "a")   (define-fun L3 () String "k")   (define-fun L4 () String "h")   (define-fun L1 () String "k")   (define-fun L2 () String "h")   (define-fun L0 () String "k")   (define-fun sym3162 () String "K")   (define-fun sym4020 () String "K")   (define-fun sym161 () String "")   (define-fun sym1470 () String "K")   (define-fun sym4420 () String "K")   (define-fun sym1683 () String "H")   (define-fun sym4213 () String "K")   (define-fun sym3576 () String "K")   (define-fun sym2532 () String "H")   (define-fun sym1036 () String "K")   (define-fun sym4634 () String "K")   (define-fun sym3369 () String "K")   (define-fun sym2104 () String "H")   (define-fun sym1898 () String "K")   (define-fun sym1249 () String "H")   (define-fun sym551 () String "K")   (define-fun sym2955 () String "K")   (define-fun sym4738 () String "A")   (define-fun sym2748 () String "K")   (define-fun sym2319 () String "K")   (define-fun sym3817 () String "R")   (define-fun sym209 () String "Y")   (define-fun sym811 () String "G")   (define-fun RegLan!218 () RegLan Alphabet) ) ,beasties27.smt2: timeout ,
beasties28.smt2; sat, 3: "A" 6: "K" 9: "K" 12: "K" 15: "K" 18: "K" 21: "K" 24: "K" 27: "K" 30: "K" 33: "K" 36: "Y" 102: "" ,beasties28.smt2: (error "Parse Error: benchmarks/not_smt/cvc5/real/beasties28.smt2:45.55: Symbol 'str.toLower' not declared as a variable") ,,beasties28.smt2: sat ,(model   (define-fun L13 () String "k")   (define-fun L9 () String "k")   (define-fun L5 () String "y")   (define-fun L10 () String "k")   (define-fun L21 () String "k")   (define-fun L6 () String "k")   (define-fun L11 () String "k")   (define-fun L3 () String "k")   (define-fun L4 () String "k")   (define-fun L1 () String "a")   (define-fun L2 () String "k")   (define-fun L0 () String "k")   (define-fun sym161 () String "")   (define-fun sym2295 () String "K")   (define-fun sym1450 () String "K")   (define-fun sym1663 () String "K")   (define-fun sym1024 () String "K")   (define-fun sym551 () String "K")   (define-fun sym1237 () String "K")   (define-fun sym1869 () String "K")   (define-fun sym2619 () String "A")   (define-fun sym2508 () String "K")   (define-fun sym209 () String "Y")   (define-fun sym811 () String "K")   (define-fun sym2082 () String "K")   (define-fun RegLan!118 () RegLan Alphabet) ) ,beasties28.smt2: timeout ,
beasties29.smt2; sat, 3: "A" 6: "G" 9: "G" 12: "G" 15: "L" 18: "G" 21: "G" 24: "G" 27: "G" 30: "G" 33: "G" 36: "L" 39: "G" 42: "H" 45: "G" 48: "G" 51: "G" 54: "G" 57: "G" 60: "Y" 191: "" ,beasties29.smt2: (error "Parse Error: benchmarks/not_smt/cvc5/real/beasties29.smt2:69.49: Symbol 'str.toLower' not declared as a variable") ,,beasties29.smt2: sat ,(model   (define-fun L16 () String "g")   (define-fun L27 () String "g")   (define-fun L28 () String "g")   (define-fun L19 () String "g")   (define-fun L13 () String "a")   (define-fun L35 () String "g")   (define-fun L46 () String "y")   (define-fun L14 () String "g")   (define-fun L15 () String "g")   (define-fun L7 () String "l")   (define-fun L8 () String "g")   (define-fun L53 () String "g")   (define-fun L10 () String "g")   (define-fun L6 () String "g")   (define-fun L11 () String "g")   (define-fun L22 () String "g")   (define-fun L4 () String "l")   (define-fun L1 () String "h")   (define-fun L2 () String "g")   (define-fun L0 () String "g")   (define-fun sym161 () String "")   (define-fun sym4231 () String "G")   (define-fun sym1032 () String "G")   (define-fun sym1241 () String "G")   (define-fun sym3385 () String "G")   (define-fun sym4015 () String "G")   (define-fun sym1894 () String "G")   (define-fun sym3587 () String "L")   (define-fun sym2751 () String "G")   (define-fun sym3169 () String "G")   (define-fun sym1673 () String "H")   (define-fun sym3799 () String "G")   (define-fun sym4328 () String "A")   (define-fun sym2107 () String "L")   (define-fun sym2535 () String "G")   (define-fun sym1457 () String "G")   (define-fun sym2953 () String "G")   (define-fun sym551 () String "G")   (define-fun sym2319 () String "G")   (define-fun sym816 () String "G")   (define-fun sym209 () String "Y")   (define-fun RegLan!184 () RegLan Alphabet) ) ,beasties29.smt2: timeout ,
beasties30.smt2; sat, 3: "A" 6: "G" 9: "G" 12: "G" 15: "G" 18: "G" 21: "G" 24: "L" 27: "G" 30: "G" 33: "G" 36: "G" 39: "G" 42: "G" 45: "Y" 141: "" ,beasties30.smt2: (error "Parse Error: benchmarks/not_smt/cvc5/real/beasties30.smt2:54.55: Symbol 'str.toLower' not declared as a variable") ,,beasties30.smt2: sat ,(model   (define-fun L19 () String "g")   (define-fun L12 () String "y")   (define-fun L23 () String "a")   (define-fun L24 () String "g")   (define-fun L14 () String "g")   (define-fun L7 () String "g")   (define-fun L30 () String "g")   (define-fun L8 () String "g")   (define-fun L5 () String "g")   (define-fun L10 () String "g")   (define-fun L6 () String "g")   (define-fun L11 () String "g")   (define-fun L4 () String "g")   (define-fun L2 () String "g")   (define-fun L0 () String "l")   (define-fun sym3162 () String "G")   (define-fun sym161 () String "")   (define-fun sym2110 () String "G")   (define-fun sym1451 () String "G")   (define-fun sym2312 () String "G")   (define-fun sym1894 () String "L")   (define-fun sym3259 () String "A")   (define-fun sym1026 () String "G")   (define-fun sym1235 () String "G")   (define-fun sym1667 () String "G")   (define-fun sym2744 () String "G")   (define-fun sym551 () String "G")   (define-fun sym2946 () String "G")   (define-fun sym2528 () String "G")   (define-fun sym209 () String "Y")   (define-fun sym799 () String "G")   (define-fun RegLan!146 () RegLan Alphabet) ) ,beasties30.smt2: timeout ,
htmlCleaner01.smt2; Propagating length!!!:!3676(0)-8 Propagating length!!!:!3677(0)-10 Propagating length!!!:!3679(0)-12 Propagating toString!!!:!3680(0)-14 Propagating toString!!!:!652(0)-17 sat, 13: "" 15: "V" 16: "" ,htmlCleaner01.smt2: (error "Parse Error: benchmarks/not_smt/cvc5/real/htmlCleaner01.smt2:19.45: Symbol 'str.toLower' not declared as a variable") ,,htmlCleaner01.smt2: (error "str_len cannot be applied to arguments of type SMTInteger") ,,htmlCleaner01.smt2: (error "line 16 column 107: Sort of polymorphic function 'str.len' does not match the declared type.  ,Given domain: Int  Expected domain: String ") sat (   (define-fun L1 () String     "h\u{0}\u{0}")   (define-fun sym4923 () String     "")   (define-fun sym4516 () String     "")   (define-fun sym4506 () String     "")   (define-fun sym4367 () String     "H//")   (define-fun sym4954 () String     "")   (define-fun Alphabet () RegLan     (let ((a!1 (re.union (re.union (re.union (str.to_re "/") (str.to_re "3"))                                (str.to_re "<"))                      (str.to_re ">")))) (let ((a!2 (re.union (re.union (re.union a!1 (str.to_re "A")) (str.to_re "B"))                      (str.to_re "C")))) (let ((a!3 (re.union (re.union (re.union a!2 (str.to_re "D")) (str.to_re "E"))                      (str.to_re "F")))) (let ((a!4 (re.union (re.union (re.union a!3 (str.to_re "G")) (str.to_re "H"))                      (str.to_re "I")))) (let ((a!5 (re.union (re.union (re.union a!4 (str.to_re "J")) (str.to_re "K"))                      (str.to_re "L")))) (let ((a!6 (re.union (re.union (re.union a!5 (str.to_re "M")) (str.to_re "N"))                      (str.to_re "O")))) (let ((a!7 (re.union (re.union (re.union a!6 (str.to_re "P")) (str.to_re "Q"))                      (str.to_re "R")))) (let ((a!8 (re.union (re.union (re.union a!7 (str.to_re "S")) (str.to_re "T"))                      (str.to_re "U")))) (let ((a!9 (re.union (re.union (re.union a!8 (str.to_re "V")) (str.to_re "W"))                      (str.to_re "X")))) (let ((a!10 (re.union (re.union (re.union a!9 (str.to_re "Y")) (str.to_re "Z"))                       (str.to_re "a")))) (let ((a!11 (re.union (re.union (re.union a!10 (str.to_re "b")) (str.to_re "c"))                       (str.to_re "d")))) (let ((a!12 (re.union (re.union (re.union a!11 (str.to_re "e")) (str.to_re "f"))                       (str.to_re "g")))) (let ((a!13 (re.union (re.union (re.union a!12 (str.to_re "h")) (str.to_re "i"))                       (str.to_re "j")))) (let ((a!14 (re.union (re.union (re.union a!13 (str.to_re "k")) (str.to_re "l"))                       (str.to_re "m")))) (let ((a!15 (re.union (re.union (re.union a!14 (str.to_re "n")) (str.to_re "o"))                       (str.to_re "p")))) (let ((a!16 (re.union (re.union (re.union a!15 (str.to_re "q")) (str.to_re "r"))                       (str.to_re "s")))) (let ((a!17 (re.union (re.union (re.union a!16 (str.to_re "t")) (str.to_re "u"))                       (str.to_re "v")))) (let ((a!18 (re.union (re.union (re.union a!17 (str.to_re "w")) (str.to_re "x"))                       (str.to_re "y"))))   (re.* (re.union a!18 (str.to_re "z"))))))))))))))))))))))   (define-fun L0 () String     "h\u{0}\u{0}")   (define-fun sym4511 () String     "") ) 
iText02.smt2; Propagating toString!!!:!1423(0)-625 Propagating toString!!!:!1423(0)-627 Propagating toString!!!:!1423(0)-629 Propagating toString!!!:!1423(0)-631 Propagating toString!!!:!1423(0)-633 Propagating toString!!!:!1423(0)-635 Propagating toString!!!:!1423(0)-637 Propagating toString!!!:!1423(0)-639 Propagating toString!!!:!1423(0)-641 Propagating toString!!!:!1423(0)-643 Propagating toString!!!:!1423(0)-645 Propagating toString!!!:!1423(0)-647 Propagating toString!!!:!1423(0)-651 Propagating toString!!!:!1423(0)-653 Propagating toString!!!:!1423(0)-655 Propagating toString!!!:!1423(0)-657 Propagating toString!!!:!1423(0)-659 Propagating toString!!!:!1423(0)-663 Propagating toString!!!:!1423(0)-665 Propagating toString!!!:!1423(0)-669 Propagating toString!!!:!1423(0)-671 Propagating toString!!!:!1423(0)-675 Propagating toString!!!:!1423(0)-677 Propagating toString!!!:!1423(0)-679 Propagating toString!!!:!1423(0)-681 Propagating toString!!!:!1423(0)-683 Propagating toString!!!:!1423(0)-685 Propagating toString!!!:!1423(0)-689 Propagating toString!!!:!1423(0)-691 Propagating toString!!!:!1423(0)-693 Propagating toString!!!:!1423(0)-695 Propagating toString!!!:!1423(0)-697 Propagating toString!!!:!1423(0)-699 Propagating toString!!!:!1423(0)-701 Propagating toString!!!:!1423(0)-703 Propagating toString!!!:!1423(0)-707 Propagating toString!!!:!1423(0)-709 Propagating toString!!!:!1423(0)-713 Propagating toString!!!:!1423(0)-715 Propagating toString!!!:!1423(0)-717 Propagating toString!!!:!1423(0)-719 Propagating toString!!!:!1423(0)-721 Propagating toString!!!:!1423(0)-723 Propagating toString!!!:!1423(0)-725 Propagating toString!!!:!1423(0)-727 Propagating toString!!!:!1423(0)-729 Propagating toString!!!:!1423(0)-731 Propagating toString!!!:!1423(0)-733 Propagating toString!!!:!1423(0)-735 Propagating toString!!!:!1423(0)-739 Propagating toString!!!:!1423(0)-743 Propagating toString!!!:!1423(0)-745 Propagating toString!!!:!1423(0)-747 Propagating toString!!!:!1423(0)-749 Propagating toString!!!:!1423(0)-753 Propagating toString!!!:!1423(0)-755 Propagating toString!!!:!1423(0)-757 Propagating toString!!!:!1423(0)-759 Propagating toString!!!:!1423(0)-761 Propagating toString!!!:!1423(0)-765 Propagating toString!!!:!1423(0)-767 Propagating toString!!!:!1423(0)-769 Propagating toString!!!:!1423(0)-771 Propagating toString!!!:!1423(0)-773 Propagating toString!!!:!1423(0)-775 Propagating toString!!!:!1423(0)-777 Propagating toString!!!:!1423(0)-779 Propagating toString!!!:!1423(0)-781 Propagating toString!!!:!1423(0)-783 Propagating toString!!!:!1423(0)-785 Propagating toString!!!:!1423(0)-787 Propagating toString!!!:!1423(0)-789 Propagating toString!!!:!1423(0)-791 Propagating toString!!!:!1423(0)-793 Propagating toString!!!:!1423(0)-795 Propagating toString!!!:!1423(0)-797 Propagating toString!!!:!1423(0)-799 Propagating toString!!!:!1423(0)-801 Propagating toString!!!:!1423(0)-803 Propagating toString!!!:!1423(0)-805 Propagating toString!!!:!1423(0)-808 Propagating toString!!!:!1423(0)-810 Propagating toString!!!:!1423(0)-812 Propagating toString!!!:!1423(0)-814 Propagating toString!!!:!1423(0)-816 ERROR in A_Inv_Constraint.output(): outputSet for[765] 	PROPAGATION    	BASE(N): [586] 		ARG: [-1]does not contain constraint: [586] 	INIT_CON       	BASE(N): [-1] 		ARG: [-1] ,iText02.smt2: (error "Parse Error: benchmarks/not_smt/cvc5/real/iText02.smt2:394.48: expecting string-like terms in concat") ,,iText02.smt2: (error "str_++ cannot be applied to arguments of type SMTBool, String") ,,iText02.smt2: (error "line 394 column 47: Sort of function 'str.++' does not match the declared type. Given domain: Bool String ") ,(error "line 395 column 92: Sort of function 'str.++' does not match the declared type. Given domain: Bool String ") (error "line 396 column 111: Sort of function 'str.++' does not match the declared type. Given domain: Bool String ") (error "line 397 column 47: Sort of function 'str.++' does not match the declared type. Given domain: Bool String ") (error "line 398 column 47: Sort of function 'str.++' does not match the declared type. Given domain: Bool String ") (error "line 405 column 63: Sort of function 'str.++' does not match the declared type. Given domain: Bool String ") (error "line 406 column 63: Sort of function 'str.++' does not match the declared type. Given domain: Bool String ") (error "line 407 column 47: Sort of function 'str.++' does not match the declared type. Given domain: Bool String ") (error "line 408 column 68: Sort of function 'str.++' does not match the declared type. Given domain: Bool String ") (error "line 410 column 92: Sort of function 'str.++' does not match the declared type. Given domain: Bool String ") (error "line 415 column 68: Sort of function 'str.++' does not match the declared type. Given domain: Bool String ") (error "line 420 column 92: Sort of function 'str.++' does not match the declared type. Given domain: Bool String ") (error "line 421 column 68: Sort of function 'str.++' does not match the declared type. Given domain: Bool String ") (error "line 423 column 47: Sort of function 'str.++' does not match the declared type. Given domain: Bool String ") (error "line 424 column 47: Sort of function 'str.++' does not match the declared type. Given domain: Bool String ") (error "line 425 column 63: Sort of function 'str.++' does not match the declared type. Given domain: Bool String ") (error "line 427 column 47: Sort of function 'str.++' does not match the declared type. Given domain: Bool String ") (error "line 428 column 47: Sort of function 'str.++' does not match the declared type. Given domain: Bool String ") (error "line 429 column 47: Sort of function 'str.++' does not match the declared type. Given domain: Bool String ") (error "line 430 column 52: Sort of function 'str.++' does not match the declared type. Given domain: Bool String ") (error "line 431 column 68: Sort of function 'str.++' does not match the declared type. Given domain: Bool String ") (error "line 432 column 47: Sort of function 'str.++' does not match the declared type. Given domain: Bool String ") (error "line 436 column 52: Sort of function 'str.++' does not match the declared type. Given domain: Bool String ") (error "line 437 column 47: Sort of function 'str.++' does not match the declared type. Given domain: Bool String ") (error "line 441 column 47: Sort of function 'str.++' does not match the declared type. Given domain: Bool String ") (error "line 443 column 47: Sort of function 'str.++' does not match the declared type. Given domain: Bool String ") (error "line 444 column 47: Sort of function 'str.++' does not match the declared type. Given domain: Bool String ") (error "line 445 column 116: Sort of function 'str.++' does not match the declared type. Given domain: Bool String ") (error "line 447 column 63: Sort of function 'str.++' does not match the declared type. Given domain: Bool String ") (error "line 448 column 52: Sort of function 'str.++' does not match the declared type. Given domain: Bool String ") (error "line 449 column 92: Sort of function 'str.++' does not match the declared type. Given domain: Bool String ") (error "line 450 column 68: Sort of function 'str.++' does not match the declared type. Given domain: Bool String ") (error "line 453 column 68: Sort of function 'str.++' does not match the declared type. Given domain: Bool String ") (error "line 454 column 60: Sort of function 'str.++' does not match the declared type. Given domain: Bool String ") (error "line 455 column 52: Sort of function 'str.++' does not match the declared type. Given domain: Bool String ") (error "line 456 column 60: Sort of function 'str.++' does not match the declared type. Given domain: Bool String ") (error "line 459 column 52: Sort of function 'str.++' does not match the declared type. Given domain: Bool String ") (error "line 462 column 47: Sort of function 'str.++' does not match the declared type. Given domain: Bool String ") (error "line 464 column 63: Sort of function 'str.++' does not match the declared type. Given domain: Bool String ") (error "line 465 column 52: Sort of function 'str.++' does not match the declared type. Given domain: Bool String ") (error "line 466 column 63: Sort of function 'str.++' does not match the declared type. Given domain: Bool String ") (error "line 467 column 87: Sort of function 'str.++' does not match the declared type. Given domain: Bool String ") (error "line 469 column 71: Sort of function 'str.++' does not match the declared type. Given domain: Bool String ") (error "line 470 column 63: Sort of function 'str.++' does not match the declared type. Given domain: Bool String ") (error "line 472 column 63: Sort of function 'str.++' does not match the declared type. Given domain: Bool String ") (error "line 473 column 68: Sort of function 'str.++' does not match the declared type. Given domain: Bool String ") (error "line 474 column 68: Sort of function 'str.++' does not match the declared type. Given domain: Bool String ") (error "line 475 column 52: Sort of function 'str.++' does not match the declared type. Given domain: Bool String ") (error "line 478 column 63: Sort of function 'str.++' does not match the declared type. Given domain: Bool String ") (error "line 479 column 95: Sort of function 'str.++' does not match the declared type. Given domain: Bool String ") (error "line 480 column 47: Sort of function 'str.++' does not match the declared type. Given domain: Bool String ") (error "line 482 column 52: Sort of function 'str.++' does not match the declared type. Given domain: Bool String ") (error "line 483 column 47: Sort of function 'str.++' does not match the declared type. Given domain: Bool String ") (error "line 486 column 52: Sort of function 'str.++' does not match the declared type. Given domain: Bool String ") (error "line 487 column 92: Sort of function 'str.++' does not match the declared type. Given domain: Bool String ") (error "line 488 column 47: Sort of function 'str.++' does not match the declared type. Given domain: Bool String ") (error "line 489 column 47: Sort of function 'str.++' does not match the declared type. Given domain: Bool String ") (error "line 490 column 87: Sort of function 'str.++' does not match the declared type. Given domain: Bool String ") (error "line 491 column 68: Sort of function 'str.++' does not match the declared type. Given domain: Bool String ") (error "line 492 column 47: Sort of function 'str.++' does not match the declared type. Given domain: Bool String ") (error "line 493 column 47: Sort of function 'str.++' does not match the declared type. Given domain: Bool String ") (error "line 494 column 68: Sort of function 'str.++' does not match the declared type. Given domain: Bool String ") (error "line 496 column 108: Sort of function 'str.++' does not match the declared type. Given domain: Bool String ") (error "line 497 column 52: Sort of function 'str.++' does not match the declared type. Given domain: Bool String ") (error "line 498 column 100: Sort of function 'str.++' does not match the declared type. Given domain: Bool String ") (error "line 499 column 52: Sort of function 'str.++' does not match the declared type. Given domain: Bool String ") (error "line 500 column 52: Sort of function 'str.++' does not match the declared type. Given domain: Bool String ") (error "line 501 column 47: Sort of function 'str.++' does not match the declared type. Given domain: Bool String ") (error "line 502 column 92: Sort of function 'str.++' does not match the declared type. Given domain: Bool String ") (error "line 505 column 92: Sort of function 'str.++' does not match the declared type. Given domain: Bool String ") (error "line 508 column 47: Sort of function 'str.++' does not match the declared type. Given domain: Bool String ") sat (   (define-fun sym64068 () String     "")   (define-fun sym65752 () String     "")   (define-fun sym64012 () String     "")   (define-fun sym61756 () String     "")   (define-fun sym57978 () String     "")   (define-fun sym61760 () String     "")   (define-fun sym60143 () String     "")   (define-fun sym63630 () String     "")   (define-fun sym61377 () String     "")   (define-fun sym66491 () String     "")   (define-fun sym58691 () String     "")   (define-fun sym60141 () String     "")   (define-fun sym57762 () String     "")   (define-fun sym63632 () String     "")   (define-fun sym59606 () String     "")   (define-fun sym59608 () String     "")   (define-fun sym60076 () String     "")   (define-fun sym66028 () String     "")   (define-fun sym66550 () String     "")   (define-fun sym66165 () String     "")   (define-fun sym64380 () String     "")   (define-fun sym61262 () String     "")   (define-fun sym65536 () String     "")   (define-fun sym57387 () String     "")   (define-fun Alphabet () RegLan     (let ((a!1 (re.union (re.union (re.union (str.to_re "0") (str.to_re "A"))                                (str.to_re "B"))                      (str.to_re "C")))) (let ((a!2 (re.union (re.union (re.union a!1 (str.to_re "D")) (str.to_re "E"))                      (str.to_re "F")))) (let ((a!3 (re.union (re.union (re.union a!2 (str.to_re "G")) (str.to_re "H"))                      (str.to_re "I")))) (let ((a!4 (re.union (re.union (re.union a!3 (str.to_re "J")) (str.to_re "K"))                      (str.to_re "L")))) (let ((a!5 (re.union (re.union (re.union a!4 (str.to_re "M")) (str.to_re "N"))                      (str.to_re "O")))) (let ((a!6 (re.union (re.union (re.union a!5 (str.to_re "P")) (str.to_re "Q"))                      (str.to_re "R")))) (let ((a!7 (re.union (re.union (re.union a!6 (str.to_re "S")) (str.to_re "T"))                      (str.to_re "U")))) (let ((a!8 (re.union (re.union (re.union a!7 (str.to_re "V")) (str.to_re "W"))                      (str.to_re "X")))) (let ((a!9 (re.union (re.union (re.union a!8 (str.to_re "Y")) (str.to_re "Z"))                      (str.to_re "a")))) (let ((a!10 (re.union (re.union (re.union a!9 (str.to_re "b")) (str.to_re "c"))                       (str.to_re "d")))) (let ((a!11 (re.union (re.union (re.union a!10 (str.to_re "e")) (str.to_re "f"))                       (str.to_re "g")))) (let ((a!12 (re.union (re.union (re.union a!11 (str.to_re "h")) (str.to_re "i"))                       (str.to_re "j")))) (let ((a!13 (re.union (re.union (re.union a!12 (str.to_re "k")) (str.to_re "l"))                       (str.to_re "m")))) (let ((a!14 (re.union (re.union (re.union a!13 (str.to_re "n")) (str.to_re "o"))                       (str.to_re "p")))) (let ((a!15 (re.union (re.union (re.union a!14 (str.to_re "q")) (str.to_re "r"))                       (str.to_re "s")))) (let ((a!16 (re.union (re.union (re.union a!15 (str.to_re "t")) (str.to_re "u"))                       (str.to_re "v")))) (let ((a!17 (re.union (re.union (re.union a!16 (str.to_re "w")) (str.to_re "x"))                       (str.to_re "y"))))   (re.* (re.union a!17 (str.to_re "z")))))))))))))))))))))   (define-fun sym58978 () String     "")   (define-fun sym58764 () String     "")   (define-fun sym64433 () String     "")   (define-fun sym61758 () String     "")   (define-fun sym64070 () String     "")   (define-fun sym57499 () String     "")   (define-fun sym61867 () String     "")   (define-fun sym61869 () String     "")   (define-fun sym64386 () String     "")   (define-fun sym66606 () String     "")   (define-fun sym64674 () String     "")   (define-fun sym63741 () String     "")   (define-fun sym57403 () String     "")   (define-fun sym59550 () String     "")   (define-fun sym65467 () String     "")   (define-fun sym58895 () String     "")   (define-fun sym64010 () String     "")   (define-fun sym65031 () String     "")   (define-fun sym65542 () String     "")   (define-fun sym60131 () String     "")   (define-fun sym58972 () String     "")   (define-fun sym58980 () String     "")   (define-fun sym63634 () String     "")   (define-fun sym62711 () String     "")   (define-fun sym65532 () String     "")   (define-fun sym63121 () String     "")   (define-fun sym67037 () String     "")   (define-fun sym57905 () String     "")   (define-fun sym63681 () String     "")   (define-fun sym61754 () String     "")   (define-fun sym62390 () String     "")   (define-fun sym61752 () String     "")   (define-fun sym65649 () String     "")   (define-fun sym65025 () String     "")   (define-fun sym63628 () String     "")   (define-fun sym66112 () String     "")   (define-fun sym66546 () String     "")   (define-fun sym62741 () String     "")   (define-fun sym58974 () String     "")   (define-fun sym59496 () String     "")   (define-fun sym57475 () String     "")   (define-fun sym63123 () String     "")   (define-fun sym64491 () String     "")   (define-fun sym59546 () String     "")   (define-fun sym57397 () String     "")   (define-fun sym64587 () String     "")   (define-fun sym57393 () String     "")   (define-fun sym58240 () String     "")   (define-fun sym65540 () String     "")   (define-fun sym61252 () String     "")   (define-fun sym66163 () String     "")   (define-fun sym61435 () String     "")   (define-fun sym59486 () String     "")   (define-fun sym66461 () String     "")   (define-fun sym66110 () String     "")   (define-fun sym65023 () String     "")   (define-fun sym65019 () String     "")   (define-fun sym63743 () String     "")   (define-fun sym61807 () String     "")   (define-fun sym66489 () String     "")   (define-fun sym58429 () String     "")   (define-fun sym64378 () String     "")   (define-fun sym58953 () String     "")   (define-fun sym58982 () String     "")   (define-fun sym66604 () String     "")   (define-fun sym61375 () String     "")   (define-fun sym67041 () String     "")   (define-fun sym66493 () String     "")   (define-fun sym57395 () String     "")   (define-fun sym65647 () String     "")   (define-fun sym61437 () String     "")   (define-fun sym65593 () String     "")   (define-fun sym61258 () String     "")   (define-fun sym59494 () String     "")   (define-fun sym65017 () String     "")   (define-fun sym67035 () String     "")   (define-fun sym60139 () String     "")   (define-fun sym64311 () String     "")   (define-fun sym58984 () String     "")   (define-fun sym67039 () String     "")   (define-fun sym66114 () String     "")   (define-fun sym57391 () String     "")   (define-fun sym64495 () String     "")   (define-fun sym64382 () String     "")   (define-fun sym60133 () String     "")   (define-fun sym67043 () String     "")   (define-fun sym66380 () String     "")   (define-fun sym59484 () String     "")   (define-fun sym66104 () String     "")   (define-fun sym63739 () String     "")   (define-fun sym61260 () String     "")   (define-fun sym59075 () String     "")   (define-fun sym64435 () String     "")   (define-fun sym57389 () String     "")   (define-fun sym63961 () String     "")   (define-fun sym57701 () String     "")   (define-fun sym63626 () String     "")   (define-fun sym58167 () String     "")   (define-fun sym65027 () String     "")   (define-fun sym66497 () String     "")   (define-fun sym58976 () String     "")   (define-fun sym61256 () String     "")   (define-fun sym57847 () String     "")   (define-fun sym66219 () String     "")   (define-fun sym63959 () String     "")   (define-fun sym58109 () String     "")   (define-fun sym63685 () String     "")   (define-fun sym59480 () String     "")   (define-fun sym63624 () String     "")   (define-fun sym60137 () String     "")   (define-fun sym63955 () String     "")   (define-fun sym66221 () String     "")   (define-fun sym65538 () String     "")   (define-fun sym59358 () String     "")   (define-fun sym59482 () String     "")   (define-fun sym62739 () String     "")   (define-fun sym63957 () String     "")   (define-fun sym65651 () String     "")   (define-fun sym63953 () String     "")   (define-fun sym58560 () String     "")   (define-fun sym63683 () String     "")   (define-fun sym61809 () String     "")   (define-fun sym63951 () String     "")   (define-fun sym58502 () String     "")   (define-fun sym59548 () String     "")   (define-fun sym60135 () String     "")   (define-fun sym61254 () String     "")   (define-fun sym64384 () String     "")   (define-fun sym64376 () String     "")   (define-fun sym61750 () String     "")   (define-fun sym59488 () String     "")   (define-fun sym57399 () String     "")   (define-fun sym66548 () String     "")   (define-fun sym57477 () String     "")   (define-fun sym61865 () String     "")   (define-fun sym59492 () String     "")   (define-fun sym66499 () String     "")   (define-fun sym66608 () String     "")   (define-fun sym67033 () String     "")   (define-fun sym61811 () String     "")   (define-fun sym66495 () String     "")   (define-fun sym58298 () String     "")   (define-fun sym61433 () String     "")   (define-fun sym62388 () String     "")   (define-fun sym64493 () String     "")   (define-fun sym65591 () String     "")   (define-fun sym65021 () String     "")   (define-fun sym57471 () String     "")   (define-fun sym65589 () String     "")   (define-fun sym58633 () String     "")   (define-fun sym64437 () String     "")   (define-fun sym66106 () String     "")   (define-fun sym57473 () String     "")   (define-fun sym62336 () String     "")   (define-fun sym58371 () String     "")   (define-fun sym61379 () String     "")   (define-fun sym58822 () String     "")   (define-fun sym64066 () String     "")   (define-fun sym65029 () String     "")   (define-fun sym65534 () String     "")   (define-fun sym66108 () String     "")   (define-fun sym59490 () String     "")   (define-fun sym57401 () String     "")   (define-fun sym66223 () String     "")   (define-fun sym58036 () String     "")   (define-fun sym62743 () String     "")   (define-fun sym64008 () String     "")   (define-fun sym66161 () String     "")   (define-fun sym59604 () String     "") ) 
jxml2sql04.smt2; sat, 2: "" 4: "" 6: "" 8: "OPTION" 10: "" 12: "" 14: "" 16: "" 18: "LENGTH" 20: "" 22: "" 24: "" 26: "TYPE" 28: "" 30: "" 32: "DESCRIPTION" 34: "" 36: "NAME" 38: "FIELD" 40: "" 42: "" 44: "OPTION" 46: "" 48: "" 50: "" 52: "" 54: "OPTION" 56: "" 58: "" 60: "" 62: "" 64: "TYPE" 66: "" 68: "" 70: "DESCRIPTION" 72: "" 74: "NAME" 76: "FIELD" 78: "" 80: "" 82: "DESCRIPTION" 84: "" 86: "NAME" 88: "TABLE" 90: "" 92: "" 94: "" 96: "" 98: "" 100: "DESCRIPTION" 102: "" 104: "NAME" 106: "DATABASE" ,jxml2sql04.smt2: (error "Parse Error: benchmarks/not_smt/cvc5/real/jxml2sql04.smt2:113.37: Symbol 'str.toLower' not declared as a variable") ,,jxml2sql04.smt2: sat ,(model   (define-fun L23 () String "table")   (define-fun L11 () String "type")   (define-fun L3 () String "length")   (define-fun L102 () String "")   (define-fun L38 () String "")   (define-fun L18 () String "")   (define-fun L34 () String "")   (define-fun L78 () String "")   (define-fun L46 () String "description")   (define-fun L14 () String "")   (define-fun L58 () String "")   (define-fun L26 () String "")   (define-fun L30 () String "")   (define-fun L74 () String "option")   (define-fun L8 () String "")   (define-fun L42 () String "")   (define-fun L86 () String "")   (define-fun L10 () String "type")   (define-fun L54 () String "type")   (define-fun L98 () String "table")   (define-fun L22 () String "")   (define-fun L66 () String "")   (define-fun L70 () String "")   (define-fun L4 () String "")   (define-fun L82 () String "description")   (define-fun L50 () String "")   (define-fun L94 () String "description")   (define-fun L62 () String "option")   (define-fun L0 () String "")   (define-fun L90 () String "")   (define-fun L45 () String "database")   (define-fun L13 () String "field")   (define-fun L57 () String "option")   (define-fun L9 () String "description")   (define-fun L104 () String "")   (define-fun L1 () String "name")   (define-fun L100 () String "")   (define-fun L16 () String "name")   (define-fun L28 () String "")   (define-fun L12 () String "field")   (define-fun L56 () String "option")   (define-fun L24 () String "")   (define-fun L68 () String "")   (define-fun L36 () String "")   (define-fun L48 () String "")   (define-fun L52 () String "")   (define-fun L96 () String "")   (define-fun L20 () String "")   (define-fun L64 () String "")   (define-fun L32 () String "")   (define-fun L76 () String "field")   (define-fun L6 () String "name")   (define-fun L44 () String "database")   (define-fun L88 () String "")   (define-fun L92 () String "")   (define-fun L60 () String "")   (define-fun L72 () String "name")   (define-fun L2 () String "length")   (define-fun L40 () String "description")   (define-fun L84 () String "")   (define-fun L80 () String "name")   (define-fun sym194 () String "")   (define-fun sym512 () String "NAME")   (define-fun sym434 () String "")   (define-fun sym478 () String "")   (define-fun sym114 () String "NAME")   (define-fun sym278 () String "FIELD")   (define-fun sym630 () String "")   (define-fun sym398 () String "")   (define-fun sym233 () String "")   (define-fun sym550 () String "")   (define-fun sym154 () String "")   (define-fun sym594 () String "")   (define-fun sym352 () String "TYPE")   (define-fun sym670 () String "OPTION")   (define-fun sym317 () String "DESCRIPTION")   (define-fun sym184 () String "")   (define-fun sym424 () String "")   (define-fun sym268 () String "")   (define-fun sym388 () String "")   (define-fun sym464 () String "OPTION")   (define-fun sym584 () String "")   (define-fun sym342 () String "")   (define-fun sym660 () String "")   (define-fun sym704 () String "")   (define-fun sym307 () String "")   (define-fun sym570 () String "TYPE")   (define-fun sym174 () String "")   (define-fun sym292 () String "NAME")   (define-fun sym258 () String "")   (define-fun sym378 () String "")   (define-fun sym454 () String "")   (define-fun sym498 () String "FIELD")   (define-fun sym332 () String "")   (define-fun sym650 () String "")   (define-fun sym694 () String "")   (define-fun sym92 () String "DATABASE")   (define-fun sym218 () String "NAME")   (define-fun sym614 () String "LENGTH")   (define-fun sym536 () String "DESCRIPTION")   (define-fun sym139 () String "DESCRIPTION")   (define-fun sym204 () String "TABLE")   (define-fun sym368 () String "")   (define-fun sym444 () String "")   (define-fun sym488 () String "")   (define-fun sym640 () String "")   (define-fun sym684 () String "")   (define-fun sym243 () String "DESCRIPTION")   (define-fun sym164 () String "")   (define-fun sym560 () String "")   (define-fun sym408 () String "OPTION")   (define-fun sym604 () String "")   (define-fun sym526 () String "")   (define-fun sym129 () String "")   (define-fun RegLan!258 () RegLan Alphabet) ) ,jxml2sql04.smt2: timeout ,
jxml2sql07.smt2; sat, 1: "HTML" 3: "" 5: "" 7: "" 9: "OPTION" 11: "" 13: "" 15: "" 17: "" 19: "LENGTH" 21: "" 23: "" 25: "" 27: "TYPE" 29: "" 31: "" 33: "DESCRIPTION" 35: "" 37: "NAME" 39: "FIELD" 41: "" 43: "" 45: "OPTION" 47: "" 49: "" 51: "" 53: "" 55: "OPTION" 57: "" 59: "" 61: "" 63: "" 65: "TYPE" 67: "" 69: "" 71: "DESCRIPTION" 73: "" 75: "NAME" 77: "FIELD" 79: "" 81: "" 83: "DESCRIPTION" 85: "" 87: "NAME" 89: "TABLE" 91: "" 93: "" 95: "" 97: "" 99: "" 101: "DESCRIPTION" 103: "" 105: "NAME" 107: "DATABASE" ,jxml2sql07.smt2: (error "Parse Error: benchmarks/not_smt/cvc5/real/jxml2sql07.smt2:115.32: Symbol 'str.toLower' not declared as a variable") ,,jxml2sql07.smt2: sat ,(model   (define-fun L27 () String "")   (define-fun L39 () String "type")   (define-fun L19 () String "option")   (define-fun L23 () String "description")   (define-fun L67 () String "")   (define-fun L106 () String "")   (define-fun L35 () String "")   (define-fun L47 () String "")   (define-fun L15 () String "")   (define-fun L59 () String "")   (define-fun L7 () String "")   (define-fun L63 () String "")   (define-fun L31 () String "")   (define-fun L43 () String "type")   (define-fun L11 () String "name")   (define-fun L55 () String "")   (define-fun L3 () String "database")   (define-fun L71 () String "field")   (define-fun L51 () String "")   (define-fun L102 () String "")   (define-fun L38 () String "table")   (define-fun L78 () String "")   (define-fun L46 () String "length")   (define-fun L14 () String "type")   (define-fun L58 () String "field")   (define-fun L8 () String "description")   (define-fun L86 () String "name")   (define-fun L98 () String "")   (define-fun L4 () String "")   (define-fun L82 () String "")   (define-fun L94 () String "")   (define-fun L0 () String "name")   (define-fun L90 () String "")   (define-fun L49 () String "")   (define-fun L17 () String "description")   (define-fun L29 () String "")   (define-fun L45 () String "")   (define-fun L13 () String "")   (define-fun L57 () String "field")   (define-fun L9 () String "")   (define-fun L25 () String "")   (define-fun L69 () String "")   (define-fun L104 () String "")   (define-fun L37 () String "table")   (define-fun L41 () String "")   (define-fun L53 () String "description")   (define-fun L21 () String "name")   (define-fun L65 () String "")   (define-fun L33 () String "")   (define-fun L1 () String "name")   (define-fun L61 () String "")   (define-fun L73 () String "")   (define-fun L100 () String "option")   (define-fun L96 () String "")   (define-fun L20 () String "option")   (define-fun L76 () String "")   (define-fun L6 () String "html")   (define-fun L88 () String "length")   (define-fun L92 () String "")   (define-fun L2 () String "database")   (define-fun L84 () String "description")   (define-fun L80 () String "option")   (define-fun sym195 () String "")   (define-fun sym591 () String "TYPE")   (define-fun sym150 () String "")   (define-fun sym313 () String "NAME")   (define-fun sym279 () String "")   (define-fun sym399 () String "")   (define-fun sym113 () String "DATABASE")   (define-fun sym475 () String "")   (define-fun sym353 () String "")   (define-fun sym671 () String "")   (define-fun sym519 () String "FIELD")   (define-fun sym715 () String "")   (define-fun sym635 () String "LENGTH")   (define-fun sym239 () String "NAME")   (define-fun sym557 () String "DESCRIPTION")   (define-fun sym581 () String "")   (define-fun sym185 () String "")   (define-fun sym225 () String "TABLE")   (define-fun sym389 () String "")   (define-fun sym465 () String "")   (define-fun sym661 () String "")   (define-fun sym264 () String "DESCRIPTION")   (define-fun sym509 () String "")   (define-fun sym705 () String "")   (define-fun sym429 () String "OPTION")   (define-fun sym625 () String "")   (define-fun sym547 () String "")   (define-fun sym20 () String "HTML")   (define-fun sym691 () String "OPTION")   (define-fun sym215 () String "")   (define-fun sym533 () String "NAME")   (define-fun sym455 () String "")   (define-fun sym499 () String "")   (define-fun sym135 () String "NAME")   (define-fun sym651 () String "")   (define-fun sym299 () String "FIELD")   (define-fun sym254 () String "")   (define-fun sym571 () String "")   (define-fun sym373 () String "TYPE")   (define-fun sym175 () String "")   (define-fun sym419 () String "")   (define-fun sym615 () String "")   (define-fun sym338 () String "DESCRIPTION")   (define-fun sym160 () String "DESCRIPTION")   (define-fun sym445 () String "")   (define-fun sym289 () String "")   (define-fun sym485 () String "OPTION")   (define-fun sym363 () String "")   (define-fun sym681 () String "")   (define-fun sym409 () String "")   (define-fun sym605 () String "")   (define-fun sym725 () String "")   (define-fun sym328 () String "")   (define-fun sym205 () String "")   (define-fun RegLan!270 () RegLan Alphabet) ) ,jxml2sql07.smt2: (error "out of memory") ,
jxml2sql09.smt2; sat, 1: "" 3: "" 5: "" 7: "" 9: "OPTION" 11: "" 13: "" 15: "" 17: "" 19: "LENGTH" 21: "" 23: "" 25: "" 27: "TYPE" 29: "" 31: "" 33: "DESCRIPTION" 35: "" 37: "NAME" 39: "FIELD" 41: "" 43: "" 45: "OPTION" 47: "" 49: "" 51: "" 53: "" 55: "OPTION" 57: "" 59: "" 61: "" 63: "" 65: "TYPE" 67: "" 69: "" 71: "DESCRIPTION" 73: "" 75: "NAME" 77: "FIELD" 79: "" 81: "" 83: "DESCRIPTION" 85: "" 87: "NAME" 89: "TABLE" 91: "" 93: "" 95: "" 97: "" 99: "" 101: "DESCRIPTION" 103: "" 105: "NAME" 107: "DATABASE" ,jxml2sql09.smt2: (error "Parse Error: benchmarks/not_smt/cvc5/real/jxml2sql09.smt2:115.37: Symbol 'str.toLower' not declared as a variable") ,,jxml2sql09.smt2: sat ,(model   (define-fun L27 () String "table")   (define-fun L39 () String "length")   (define-fun L106 () String "")   (define-fun L35 () String "")   (define-fun L47 () String "")   (define-fun L15 () String "type")   (define-fun L59 () String "")   (define-fun L7 () String "description")   (define-fun L63 () String "")   (define-fun L43 () String "")   (define-fun L55 () String "description")   (define-fun L3 () String "length")   (define-fun L51 () String "")   (define-fun L102 () String "")   (define-fun L18 () String "description")   (define-fun L34 () String "")   (define-fun L78 () String "type")   (define-fun L14 () String "")   (define-fun L26 () String "table")   (define-fun L30 () String "")   (define-fun L74 () String "name")   (define-fun L8 () String "")   (define-fun L86 () String "option")   (define-fun L10 () String "")   (define-fun L98 () String "")   (define-fun L22 () String "")   (define-fun L66 () String "")   (define-fun L70 () String "")   (define-fun L4 () String "field")   (define-fun L82 () String "")   (define-fun L94 () String "name")   (define-fun L0 () String "")   (define-fun L90 () String "type")   (define-fun L49 () String "description")   (define-fun L17 () String "database")   (define-fun L45 () String "")   (define-fun L57 () String "")   (define-fun L25 () String "option")   (define-fun L104 () String "")   (define-fun L37 () String "")   (define-fun L41 () String "description")   (define-fun L53 () String "option")   (define-fun L5 () String "field")   (define-fun L1 () String "name")   (define-fun L61 () String "name")   (define-fun L100 () String "")   (define-fun L16 () String "database")   (define-fun L28 () String "field")   (define-fun L12 () String "")   (define-fun L24 () String "option")   (define-fun L68 () String "")   (define-fun L96 () String "")   (define-fun L20 () String "")   (define-fun L32 () String "")   (define-fun L76 () String "")   (define-fun L6 () String "")   (define-fun L88 () String "name")   (define-fun L92 () String "")   (define-fun L72 () String "")   (define-fun L2 () String "")   (define-fun L84 () String "")   (define-fun L80 () String "")   (define-fun sym591 () String "TYPE")   (define-fun sym195 () String "")   (define-fun sym150 () String "")   (define-fun sym313 () String "NAME")   (define-fun sym279 () String "")   (define-fun sym399 () String "")   (define-fun sym113 () String "DATABASE")   (define-fun sym475 () String "")   (define-fun sym353 () String "")   (define-fun sym671 () String "")   (define-fun sym519 () String "FIELD")   (define-fun sym715 () String "")   (define-fun sym239 () String "NAME")   (define-fun sym635 () String "LENGTH")   (define-fun sym557 () String "DESCRIPTION")   (define-fun sym581 () String "")   (define-fun sym185 () String "")   (define-fun sym225 () String "TABLE")   (define-fun sym389 () String "")   (define-fun sym465 () String "")   (define-fun sym661 () String "")   (define-fun sym264 () String "DESCRIPTION")   (define-fun sym509 () String "")   (define-fun sym705 () String "")   (define-fun sym429 () String "OPTION")   (define-fun sym625 () String "")   (define-fun sym547 () String "")   (define-fun sym20 () String "")   (define-fun sym691 () String "OPTION")   (define-fun sym215 () String "")   (define-fun sym533 () String "NAME")   (define-fun sym455 () String "")   (define-fun sym499 () String "")   (define-fun sym135 () String "NAME")   (define-fun sym651 () String "")   (define-fun sym299 () String "FIELD")   (define-fun sym254 () String "")   (define-fun sym373 () String "TYPE")   (define-fun sym175 () String "")   (define-fun sym571 () String "")   (define-fun sym419 () String "")   (define-fun sym615 () String "")   (define-fun sym338 () String "DESCRIPTION")   (define-fun sym160 () String "DESCRIPTION")   (define-fun sym445 () String "")   (define-fun sym289 () String "")   (define-fun sym485 () String "OPTION")   (define-fun sym363 () String "")   (define-fun sym681 () String "")   (define-fun sym409 () String "")   (define-fun sym605 () String "")   (define-fun sym725 () String "")   (define-fun sym328 () String "")   (define-fun sym205 () String "")   (define-fun RegLan!264 () RegLan Alphabet) ) ,jxml2sql09.smt2: timeout ,
jxml2sql14.smt2; sat, 1: "HTML" 3: "" 5: "" 7: "" 9: "DESCRIPTION" 11: "" 13: "NAME" 15: "DATABASE" ,jxml2sql14.smt2: (error "Parse Error: benchmarks/not_smt/cvc5/real/jxml2sql14.smt2:23.37: Symbol 'str.toLower' not declared as a variable") ,,jxml2sql14.smt2: sat ,(model   (define-fun L12 () String "html")   (define-fun L14 () String "")   (define-fun L7 () String "name")   (define-fun L8 () String "")   (define-fun L5 () String "database")   (define-fun L10 () String "")   (define-fun L6 () String "name")   (define-fun L11 () String "table")   (define-fun L4 () String "database")   (define-fun L1 () String "description")   (define-fun L2 () String "description")   (define-fun L0 () String "")   (define-fun sym185 () String "")   (define-fun sym195 () String "")   (define-fun sym150 () String "")   (define-fun sym160 () String "DESCRIPTION")   (define-fun sym20 () String "HTML")   (define-fun sym135 () String "NAME")   (define-fun sym113 () String "DATABASE")   (define-fun sym175 () String "")   (define-fun RegLan!210 () RegLan Alphabet) ) ,jxml2sql14.smt2: ,
jxml2sql15.smt2; sat, 1: "HTML" 3: "" 5: "" 7: "" 9: "OPTION" 11: "" 13: "" 15: "" 17: "" 19: "LENGTH" 21: "" 23: "" 25: "" 27: "TYPE" 29: "" 31: "" 33: "DESCRIPTION" 35: "" 37: "NAME" 39: "FIELD" 41: "" 43: "" 45: "OPTION" 47: "" 49: "" 51: "" 53: "" 55: "OPTION" 57: "" 59: "" 61: "" 63: "" 65: "TYPE" 67: "" 69: "" 71: "DESCRIPTION" 73: "" 75: "NAME" 77: "FIELD" 79: "" 81: "" 83: "DESCRIPTION" 85: "" 87: "NAME" 89: "TABLE" 91: "" 93: "" 95: "" 97: "" 99: "" 101: "DESCRIPTION" 103: "" 105: "DATABASE" ,jxml2sql15.smt2: (error "Parse Error: benchmarks/not_smt/cvc5/real/jxml2sql15.smt2:113.37: Symbol 'str.toLower' not declared as a variable") ,,jxml2sql15.smt2: sat ,(model   (define-fun L27 () String "table")   (define-fun L35 () String "option")   (define-fun L79 () String "table")   (define-fun L7 () String "length")   (define-fun L87 () String "")   (define-fun L11 () String "name")   (define-fun L3 () String "field")   (define-fun L83 () String "")   (define-fun L102 () String "")   (define-fun L38 () String "")   (define-fun L18 () String "field")   (define-fun L34 () String "option")   (define-fun L78 () String "html")   (define-fun L46 () String "")   (define-fun L14 () String "")   (define-fun L58 () String "type")   (define-fun L26 () String "")   (define-fun L30 () String "")   (define-fun L74 () String "description")   (define-fun L8 () String "length")   (define-fun L42 () String "")   (define-fun L10 () String "")   (define-fun L54 () String "")   (define-fun L98 () String "")   (define-fun L22 () String "description")   (define-fun L66 () String "")   (define-fun L70 () String "")   (define-fun L4 () String "database")   (define-fun L50 () String "")   (define-fun L94 () String "")   (define-fun L62 () String "")   (define-fun L0 () String "")   (define-fun L90 () String "")   (define-fun L104 () String "")   (define-fun L85 () String "")   (define-fun L5 () String "database")   (define-fun L21 () String "type")   (define-fun L81 () String "description")   (define-fun L1 () String "description")   (define-fun L100 () String "")   (define-fun L16 () String "")   (define-fun L28 () String "")   (define-fun L12 () String "")   (define-fun L56 () String "")   (define-fun L24 () String "")   (define-fun L68 () String "description")   (define-fun L36 () String "")   (define-fun L48 () String "option")   (define-fun L52 () String "")   (define-fun L96 () String "name")   (define-fun L20 () String "type")   (define-fun L64 () String "")   (define-fun L32 () String "name")   (define-fun L76 () String "")   (define-fun L6 () String "")   (define-fun L44 () String "")   (define-fun L92 () String "")   (define-fun L60 () String "option")   (define-fun L72 () String "")   (define-fun L2 () String "field")   (define-fun L40 () String "name")   (define-fun sym394 () String "")   (define-fun sym470 () String "OPTION")   (define-fun sym590 () String "")   (define-fun sym190 () String "")   (define-fun sym710 () String "")   (define-fun sym556 () String "")   (define-fun sym358 () String "TYPE")   (define-fun sym676 () String "OPTION")   (define-fun sym313 () String "")   (define-fun sym113 () String "DATABASE")   (define-fun sym430 () String "")   (define-fun sym274 () String "")   (define-fun sym518 () String "NAME")   (define-fun sym636 () String "")   (define-fun sym239 () String "")   (define-fun sym460 () String "")   (define-fun sym180 () String "")   (define-fun sym666 () String "")   (define-fun sym224 () String "NAME")   (define-fun sym620 () String "LENGTH")   (define-fun sym542 () String "DESCRIPTION")   (define-fun sym145 () String "DESCRIPTION")   (define-fun sym264 () String "")   (define-fun sym384 () String "")   (define-fun sym504 () String "FIELD")   (define-fun sym20 () String "HTML")   (define-fun sym348 () String "")   (define-fun sym700 () String "")   (define-fun sym690 () String "")   (define-fun sym170 () String "")   (define-fun sym610 () String "")   (define-fun sym532 () String "")   (define-fun sym576 () String "TYPE")   (define-fun sym135 () String "")   (define-fun sym210 () String "TABLE")   (define-fun sym298 () String "NAME")   (define-fun sym374 () String "")   (define-fun sym450 () String "")   (define-fun sym494 () String "")   (define-fun sym338 () String "")   (define-fun sym656 () String "")   (define-fun sym414 () String "OPTION")   (define-fun sym284 () String "FIELD")   (define-fun sym160 () String "")   (define-fun sym600 () String "")   (define-fun sym566 () String "")   (define-fun sym323 () String "DESCRIPTION")   (define-fun sym200 () String "")   (define-fun sym440 () String "")   (define-fun sym484 () String "")   (define-fun sym646 () String "")   (define-fun sym404 () String "")   (define-fun sym249 () String "DESCRIPTION")   (define-fun RegLan!270 () RegLan Alphabet) ) ,jxml2sql15.smt2: timeout ,
jxml2sql16.smt2; sat, 1: "HTML" 3: "" 5: "" 7: "" 9: "OPTION" 11: "" 13: "" 15: "" 17: "" 19: "LENGTH" 21: "" 23: "" 25: "" 27: "TYPE" 29: "" 31: "" 33: "DESCRIPTION" 35: "" 37: "NAME" 39: "FIELD" 41: "" 43: "" 45: "OPTION" 47: "" 49: "" 51: "" 53: "" 55: "OPTION" 57: "" 59: "" 61: "" 63: "" 65: "TYPE" 67: "" 69: "" 71: "DESCRIPTION" 73: "" 75: "NAME" 77: "FIELD" 79: "" 81: "" 83: "DESCRIPTION" 85: "" 87: "NAME" 89: "NAME" 91: "TABLE" 93: "" 95: "" 97: "" 99: "" 101: "" 103: "DESCRIPTION" 105: "" 107: "NAME" 109: "DATABASE" ,jxml2sql16.smt2: (error "Parse Error: benchmarks/not_smt/cvc5/real/jxml2sql16.smt2:117.32: Symbol 'str.toLower' not declared as a variable") ,,jxml2sql16.smt2: sat ,(model   (define-fun L27 () String "")   (define-fun L39 () String "")   (define-fun L19 () String "description")   (define-fun L23 () String "description")   (define-fun L106 () String "")   (define-fun L35 () String "field")   (define-fun L47 () String "type")   (define-fun L15 () String "")   (define-fun L7 () String "type")   (define-fun L31 () String "option")   (define-fun L43 () String "")   (define-fun L11 () String "")   (define-fun L55 () String "field")   (define-fun L3 () String "name")   (define-fun L51 () String "")   (define-fun L102 () String "name")   (define-fun L18 () String "description")   (define-fun L78 () String "")   (define-fun L74 () String "")   (define-fun L8 () String "name")   (define-fun L86 () String "name")   (define-fun L10 () String "html")   (define-fun L98 () String "")   (define-fun L66 () String "")   (define-fun L70 () String "name")   (define-fun L4 () String "")   (define-fun L82 () String "")   (define-fun L94 () String "option")   (define-fun L62 () String "")   (define-fun L0 () String "database")   (define-fun L90 () String "option")   (define-fun L49 () String "")   (define-fun L17 () String "")   (define-fun L29 () String "description")   (define-fun L45 () String "")   (define-fun L13 () String "")   (define-fun L57 () String "")   (define-fun L25 () String "")   (define-fun L69 () String "table")   (define-fun L104 () String "description")   (define-fun L37 () String "")   (define-fun L41 () String "")   (define-fun L53 () String "")   (define-fun L21 () String "")   (define-fun L108 () String "")   (define-fun L33 () String "type")   (define-fun L1 () String "database")   (define-fun L100 () String "")   (define-fun L68 () String "table")   (define-fun L36 () String "field")   (define-fun L96 () String "")   (define-fun L64 () String "")   (define-fun L32 () String "option")   (define-fun L76 () String "")   (define-fun L6 () String "")   (define-fun L44 () String "length")   (define-fun L88 () String "")   (define-fun L92 () String "")   (define-fun L60 () String "")   (define-fun L72 () String "")   (define-fun L2 () String "name")   (define-fun L84 () String "length")   (define-fun L80 () String "")   (define-fun sym195 () String "")   (define-fun sym150 () String "")   (define-fun sym479 () String "")   (define-fun sym313 () String "FIELD")   (define-fun sym433 () String "")   (define-fun sym675 () String "")   (define-fun sym278 () String "DESCRIPTION")   (define-fun sym113 () String "DATABASE")   (define-fun sym595 () String "")   (define-fun sym352 () String "DESCRIPTION")   (define-fun sym639 () String "")   (define-fun sym239 () String "NAME")   (define-fun sym513 () String "")   (define-fun sym719 () String "")   (define-fun sym185 () String "")   (define-fun sym303 () String "")   (define-fun sym225 () String "TABLE")   (define-fun sym665 () String "")   (define-fun sym423 () String "")   (define-fun sym268 () String "")   (define-fun sym387 () String "TYPE")   (define-fun sym585 () String "")   (define-fun sym342 () String "")   (define-fun sym629 () String "")   (define-fun sym705 () String "OPTION")   (define-fun sym547 () String "NAME")   (define-fun sym469 () String "")   (define-fun sym20 () String "HTML")   (define-fun sym293 () String "")   (define-fun sym413 () String "")   (define-fun sym215 () String "")   (define-fun sym533 () String "FIELD")   (define-fun sym499 () String "OPTION")   (define-fun sym135 () String "NAME")   (define-fun sym377 () String "")   (define-fun sym695 () String "")   (define-fun sym254 () String "NAME")   (define-fun sym175 () String "")   (define-fun sym571 () String "DESCRIPTION")   (define-fun sym619 () String "")   (define-fun sym739 () String "")   (define-fun sym459 () String "")   (define-fun sym160 () String "DESCRIPTION")   (define-fun sym523 () String "")   (define-fun sym489 () String "")   (define-fun sym367 () String "")   (define-fun sym443 () String "OPTION")   (define-fun sym685 () String "")   (define-fun sym561 () String "")   (define-fun sym729 () String "")   (define-fun sym649 () String "LENGTH")   (define-fun sym605 () String "TYPE")   (define-fun sym327 () String "NAME")   (define-fun sym403 () String "")   (define-fun sym205 () String "")   (define-fun RegLan!270 () RegLan Alphabet) ) ,jxml2sql16.smt2: (error "out of memory") ,
jxml2sql18.smt2; sat, 1: "HTML" 3: "" 5: "" 7: "" 9: "OPTION" 11: "" 13: "" 15: "" 17: "" 19: "LENGTH" 21: "" 23: "" 25: "" 27: "TYPE" 29: "" 31: "" 33: "DESCRIPTION" 35: "" 37: "NAME" 39: "FIELD" 41: "" 43: "" 45: "OPTION" 47: "" 49: "" 51: "" 53: "" 55: "OPTION" 57: "" 59: "" 61: "" 63: "" 65: "TYPE" 67: "" 69: "" 71: "DESCRIPTION" 73: "" 75: "NAME" 77: "FIELD" 79: "" 81: "" 83: "DESCRIPTION" 85: "" 87: "NAME" 89: "TABLE" 91: "" 93: "" 95: "" 97: "" 99: "" 101: "" 103: "" 105: "" 107: "DESCRIPTION" 109: "" 111: "NAME" 113: "DATABASE" ,jxml2sql18.smt2: (error "Parse Error: benchmarks/not_smt/cvc5/real/jxml2sql18.smt2:121.37: Symbol 'str.toLower' not declared as a variable") ,,jxml2sql18.smt2: sat ,(model   (define-fun L27 () String "field")   (define-fun L39 () String "")   (define-fun L67 () String "table")   (define-fun L106 () String "")   (define-fun L35 () String "")   (define-fun L47 () String "description")   (define-fun L31 () String "type")   (define-fun L43 () String "")   (define-fun L55 () String "")   (define-fun L3 () String "description")   (define-fun L110 () String "")   (define-fun L51 () String "name")   (define-fun L102 () String "")   (define-fun L18 () String "")   (define-fun L78 () String "")   (define-fun L14 () String "description")   (define-fun L26 () String "field")   (define-fun L30 () String "html")   (define-fun L74 () String "type")   (define-fun L8 () String "")   (define-fun L86 () String "")   (define-fun L10 () String "")   (define-fun L54 () String "option")   (define-fun L98 () String "length")   (define-fun L22 () String "name")   (define-fun L66 () String "")   (define-fun L70 () String "")   (define-fun L4 () String "")   (define-fun L82 () String "description")   (define-fun L94 () String "table")   (define-fun L62 () String "")   (define-fun L0 () String "")   (define-fun L90 () String "")   (define-fun L49 () String "")   (define-fun L45 () String "")   (define-fun L89 () String "database")   (define-fun L57 () String "")   (define-fun L9 () String "length")   (define-fun L104 () String "")   (define-fun L37 () String "field")   (define-fun L41 () String "")   (define-fun L53 () String "option")   (define-fun L108 () String "")   (define-fun L33 () String "")   (define-fun L1 () String "name")   (define-fun L100 () String "")   (define-fun L112 () String "")   (define-fun L16 () String "")   (define-fun L28 () String "")   (define-fun L12 () String "description")   (define-fun L24 () String "")   (define-fun L68 () String "")   (define-fun L96 () String "name")   (define-fun L20 () String "name")   (define-fun L64 () String "")   (define-fun L32 () String "type")   (define-fun L76 () String "")   (define-fun L6 () String "")   (define-fun L88 () String "database")   (define-fun L92 () String "")   (define-fun L60 () String "")   (define-fun L72 () String "option")   (define-fun L2 () String "")   (define-fun L84 () String "")   (define-fun L80 () String "option")   (define-fun sym195 () String "")   (define-fun sym393 () String "")   (define-fun sym150 () String "")   (define-fun sym358 () String "")   (define-fun sym235 () String "")   (define-fun sym113 () String "DATABASE")   (define-fun sym475 () String "")   (define-fun sym319 () String "")   (define-fun sym439 () String "")   (define-fun sym515 () String "OPTION")   (define-fun sym635 () String "")   (define-fun sym755 () String "")   (define-fun sym711 () String "")   (define-fun sym383 () String "")   (define-fun sym185 () String "")   (define-fun sym665 () String "LENGTH")   (define-fun sym621 () String "TYPE")   (define-fun sym225 () String "")   (define-fun sym269 () String "NAME")   (define-fun sym587 () String "DESCRIPTION")   (define-fun sym343 () String "NAME")   (define-fun sym309 () String "")   (define-fun sym429 () String "")   (define-fun sym505 () String "")   (define-fun sym549 () String "FIELD")   (define-fun sym701 () String "")   (define-fun sym745 () String "")   (define-fun sym20 () String "HTML")   (define-fun sym691 () String "")   (define-fun sym294 () String "DESCRIPTION")   (define-fun sym611 () String "")   (define-fun sym215 () String "")   (define-fun sym655 () String "")   (define-fun sym577 () String "")   (define-fun sym135 () String "NAME")   (define-fun sym255 () String "TABLE")   (define-fun sym495 () String "")   (define-fun sym175 () String "")   (define-fun sym419 () String "")   (define-fun sym539 () String "")   (define-fun sym735 () String "")   (define-fun sym459 () String "OPTION")   (define-fun sym284 () String "")   (define-fun sym160 () String "DESCRIPTION")   (define-fun sym721 () String "OPTION")   (define-fun sym368 () String "DESCRIPTION")   (define-fun sym245 () String "")   (define-fun sym563 () String "NAME")   (define-fun sym485 () String "")   (define-fun sym681 () String "")   (define-fun sym529 () String "")   (define-fun sym329 () String "FIELD")   (define-fun sym449 () String "")   (define-fun sym645 () String "")   (define-fun sym205 () String "")   (define-fun sym403 () String "TYPE")   (define-fun sym601 () String "")   (define-fun RegLan!270 () RegLan Alphabet) ) ,jxml2sql18.smt2: (error "out of memory") ,
jxml2sql19.smt2; sat, 1: "HTML" 3: "" 5: "" 7: "" 9: "OPTION" 11: "" 13: "" 15: "" 17: "" 19: "LENGTH" 21: "" 23: "" 25: "" 27: "TYPE" 29: "" 31: "" 33: "DESCRIPTION" 35: "" 37: "NAME" 39: "FIELD" 41: "" 43: "" 45: "OPTION" 47: "" 49: "" 51: "" 53: "" 55: "OPTION" 57: "" 59: "" 61: "" 63: "" 65: "TYPE" 67: "" 69: "" 71: "DESCRIPTION" 73: "" 75: "NAME" 77: "FIELD" 79: "" 81: "" 83: "DESCRIPTION" 85: "" 87: "TABLE" 89: "" 91: "" 93: "" 95: "" 97: "" 99: "DESCRIPTION" 101: "" 103: "NAME" 105: "DATABASE" ,jxml2sql19.smt2: (error "Parse Error: benchmarks/not_smt/cvc5/real/jxml2sql19.smt2:113.37: Symbol 'str.toLower' not declared as a variable") ,,jxml2sql19.smt2: sat ,(model   (define-fun L35 () String "option")   (define-fun L7 () String "length")   (define-fun L3 () String "field")   (define-fun L83 () String "")   (define-fun L102 () String "")   (define-fun L38 () String "name")   (define-fun L18 () String "")   (define-fun L34 () String "option")   (define-fun L78 () String "")   (define-fun L46 () String "option")   (define-fun L14 () String "")   (define-fun L58 () String "")   (define-fun L26 () String "description")   (define-fun L30 () String "")   (define-fun L74 () String "description")   (define-fun L8 () String "table")   (define-fun L42 () String "")   (define-fun L10 () String "length")   (define-fun L54 () String "name")   (define-fun L98 () String "")   (define-fun L22 () String "")   (define-fun L66 () String "option")   (define-fun L70 () String "")   (define-fun L4 () String "database")   (define-fun L82 () String "html")   (define-fun L50 () String "")   (define-fun L94 () String "")   (define-fun L62 () String "type")   (define-fun L0 () String "")   (define-fun L90 () String "")   (define-fun L13 () String "name")   (define-fun L9 () String "table")   (define-fun L25 () String "type")   (define-fun L104 () String "")   (define-fun L85 () String "")   (define-fun L5 () String "database")   (define-fun L1 () String "description")   (define-fun L100 () String "")   (define-fun L16 () String "")   (define-fun L28 () String "")   (define-fun L12 () String "")   (define-fun L56 () String "")   (define-fun L24 () String "type")   (define-fun L68 () String "")   (define-fun L36 () String "description")   (define-fun L48 () String "")   (define-fun L52 () String "")   (define-fun L96 () String "name")   (define-fun L20 () String "field")   (define-fun L64 () String "")   (define-fun L32 () String "")   (define-fun L76 () String "")   (define-fun L6 () String "")   (define-fun L44 () String "")   (define-fun L88 () String "")   (define-fun L92 () String "")   (define-fun L60 () String "")   (define-fun L72 () String "")   (define-fun L2 () String "field")   (define-fun L40 () String "")   (define-fun L80 () String "description")   (define-fun sym394 () String "")   (define-fun sym470 () String "OPTION")   (define-fun sym195 () String "")   (define-fun sym590 () String "")   (define-fun sym150 () String "")   (define-fun sym710 () String "")   (define-fun sym556 () String "")   (define-fun sym358 () String "TYPE")   (define-fun sym676 () String "OPTION")   (define-fun sym313 () String "")   (define-fun sym113 () String "DATABASE")   (define-fun sym430 () String "")   (define-fun sym274 () String "")   (define-fun sym518 () String "NAME")   (define-fun sym636 () String "")   (define-fun sym239 () String "")   (define-fun sym185 () String "")   (define-fun sym460 () String "")   (define-fun sym666 () String "")   (define-fun sym225 () String "TABLE")   (define-fun sym620 () String "LENGTH")   (define-fun sym542 () String "DESCRIPTION")   (define-fun sym264 () String "")   (define-fun sym384 () String "")   (define-fun sym504 () String "FIELD")   (define-fun sym20 () String "HTML")   (define-fun sym348 () String "")   (define-fun sym700 () String "")   (define-fun sym690 () String "")   (define-fun sym215 () String "")   (define-fun sym610 () String "")   (define-fun sym532 () String "")   (define-fun sym576 () String "TYPE")   (define-fun sym135 () String "NAME")   (define-fun sym298 () String "NAME")   (define-fun sym374 () String "")   (define-fun sym450 () String "")   (define-fun sym175 () String "")   (define-fun sym494 () String "")   (define-fun sym338 () String "")   (define-fun sym656 () String "")   (define-fun sym414 () String "OPTION")   (define-fun sym284 () String "FIELD")   (define-fun sym160 () String "DESCRIPTION")   (define-fun sym600 () String "")   (define-fun sym566 () String "")   (define-fun sym323 () String "DESCRIPTION")   (define-fun sym440 () String "")   (define-fun sym484 () String "")   (define-fun sym646 () String "")   (define-fun sym404 () String "")   (define-fun sym205 () String "")   (define-fun sym249 () String "DESCRIPTION")   (define-fun RegLan!270 () RegLan Alphabet) ) ,jxml2sql19.smt2: timeout ,
jxml2sql20.smt2; sat, 1: "HTML" 3: "" 5: "" 7: "" 9: "OPTION" 11: "" 13: "" 15: "" 17: "" 19: "LENGTH" 21: "" 23: "" 25: "" 27: "TYPE" 29: "" 31: "" 33: "DESCRIPTION" 35: "" 37: "NAME" 39: "FIELD" 41: "" 43: "" 45: "OPTION" 47: "" 49: "" 51: "" 53: "" 55: "OPTION" 57: "" 59: "" 61: "" 63: "" 65: "TYPE" 67: "" 69: "" 71: "DESCRIPTION" 73: "" 75: "NAME" 77: "FIELD" 79: "" 81: "" 83: "DESCRIPTION" 85: "" 87: "NAME" 89: "NAME" 91: "TABLE" 93: "" 95: "" 97: "" 99: "" 101: "" 103: "DESCRIPTION" 105: "" 107: "NAME" 109: "DATABASE" ,jxml2sql20.smt2: (error "Parse Error: benchmarks/not_smt/cvc5/real/jxml2sql20.smt2:117.32: Symbol 'str.toLower' not declared as a variable") ,,jxml2sql20.smt2: sat ,(model   (define-fun L27 () String "")   (define-fun L39 () String "")   (define-fun L19 () String "description")   (define-fun L23 () String "description")   (define-fun L106 () String "")   (define-fun L35 () String "field")   (define-fun L47 () String "type")   (define-fun L15 () String "")   (define-fun L7 () String "type")   (define-fun L31 () String "option")   (define-fun L43 () String "")   (define-fun L11 () String "")   (define-fun L55 () String "field")   (define-fun L3 () String "name")   (define-fun L51 () String "")   (define-fun L102 () String "name")   (define-fun L18 () String "description")   (define-fun L78 () String "")   (define-fun L74 () String "")   (define-fun L8 () String "name")   (define-fun L86 () String "name")   (define-fun L10 () String "html")   (define-fun L98 () String "")   (define-fun L66 () String "")   (define-fun L70 () String "name")   (define-fun L4 () String "")   (define-fun L82 () String "")   (define-fun L94 () String "option")   (define-fun L62 () String "")   (define-fun L0 () String "database")   (define-fun L90 () String "option")   (define-fun L49 () String "")   (define-fun L17 () String "")   (define-fun L29 () String "description")   (define-fun L45 () String "")   (define-fun L13 () String "")   (define-fun L57 () String "")   (define-fun L25 () String "")   (define-fun L69 () String "table")   (define-fun L104 () String "description")   (define-fun L37 () String "")   (define-fun L41 () String "")   (define-fun L53 () String "")   (define-fun L21 () String "")   (define-fun L108 () String "")   (define-fun L33 () String "type")   (define-fun L1 () String "database")   (define-fun L100 () String "")   (define-fun L68 () String "table")   (define-fun L36 () String "field")   (define-fun L96 () String "")   (define-fun L64 () String "")   (define-fun L32 () String "option")   (define-fun L76 () String "")   (define-fun L6 () String "")   (define-fun L44 () String "length")   (define-fun L88 () String "")   (define-fun L92 () String "")   (define-fun L60 () String "")   (define-fun L72 () String "")   (define-fun L2 () String "name")   (define-fun L84 () String "length")   (define-fun L80 () String "")   (define-fun sym195 () String "")   (define-fun sym150 () String "")   (define-fun sym479 () String "")   (define-fun sym313 () String "FIELD")   (define-fun sym433 () String "")   (define-fun sym675 () String "")   (define-fun sym278 () String "DESCRIPTION")   (define-fun sym113 () String "DATABASE")   (define-fun sym595 () String "")   (define-fun sym352 () String "DESCRIPTION")   (define-fun sym639 () String "")   (define-fun sym239 () String "NAME")   (define-fun sym513 () String "")   (define-fun sym719 () String "")   (define-fun sym185 () String "")   (define-fun sym303 () String "")   (define-fun sym225 () String "TABLE")   (define-fun sym665 () String "")   (define-fun sym423 () String "")   (define-fun sym268 () String "")   (define-fun sym387 () String "TYPE")   (define-fun sym585 () String "")   (define-fun sym342 () String "")   (define-fun sym629 () String "")   (define-fun sym705 () String "OPTION")   (define-fun sym547 () String "NAME")   (define-fun sym469 () String "")   (define-fun sym20 () String "HTML")   (define-fun sym293 () String "")   (define-fun sym413 () String "")   (define-fun sym215 () String "")   (define-fun sym533 () String "FIELD")   (define-fun sym499 () String "OPTION")   (define-fun sym135 () String "NAME")   (define-fun sym377 () String "")   (define-fun sym695 () String "")   (define-fun sym254 () String "NAME")   (define-fun sym175 () String "")   (define-fun sym571 () String "DESCRIPTION")   (define-fun sym619 () String "")   (define-fun sym739 () String "")   (define-fun sym459 () String "")   (define-fun sym160 () String "DESCRIPTION")   (define-fun sym523 () String "")   (define-fun sym489 () String "")   (define-fun sym367 () String "")   (define-fun sym443 () String "OPTION")   (define-fun sym685 () String "")   (define-fun sym561 () String "")   (define-fun sym729 () String "")   (define-fun sym649 () String "LENGTH")   (define-fun sym605 () String "TYPE")   (define-fun sym327 () String "NAME")   (define-fun sym403 () String "")   (define-fun sym205 () String "")   (define-fun RegLan!270 () RegLan Alphabet) ) ,jxml2sql20.smt2: timeout ,
jxml2sql21.smt2; sat, 1: "HTML" 3: "" 5: "" 7: "" 9: "OPTION" 11: "" 13: "" 15: "" 17: "" 19: "LENGTH" 21: "" 23: "" 25: "" 27: "TYPE" 29: "" 31: "" 33: "DESCRIPTION" 35: "" 37: "NAME" 39: "FIELD" 41: "" 43: "" 45: "OPTION" 47: "" 49: "" 51: "" 53: "" 55: "OPTION" 57: "" 59: "" 61: "" 63: "" 65: "TYPE" 67: "" 69: "" 71: "DESCRIPTION" 73: "" 75: "NAME" 77: "FIELD" 79: "" 81: "" 83: "DESCRIPTION" 85: "" 87: "DESCRIPTION" 89: "" 91: "NAME" 93: "TABLE" 95: "" 97: "" 99: "" 101: "" 103: "" 105: "DESCRIPTION" 107: "" 109: "NAME" 111: "DATABASE" ,jxml2sql21.smt2: (error "Parse Error: benchmarks/not_smt/cvc5/real/jxml2sql21.smt2:119.32: Symbol 'str.toLower' not declared as a variable") ,,jxml2sql21.smt2: sat ,(model   (define-fun L23 () String "option")   (define-fun L67 () String "")   (define-fun L106 () String "type")   (define-fun L35 () String "table")   (define-fun L79 () String "")   (define-fun L59 () String "length")   (define-fun L7 () String "field")   (define-fun L63 () String "option")   (define-fun L75 () String "description")   (define-fun L87 () String "")   (define-fun L11 () String "description")   (define-fun L55 () String "")   (define-fun L99 () String "")   (define-fun L71 () String "")   (define-fun L110 () String "")   (define-fun L83 () String "")   (define-fun L95 () String "")   (define-fun L102 () String "")   (define-fun L91 () String "")   (define-fun L38 () String "")   (define-fun L18 () String "")   (define-fun L34 () String "table")   (define-fun L46 () String "")   (define-fun L14 () String "")   (define-fun L26 () String "")   (define-fun L30 () String "")   (define-fun L8 () String "")   (define-fun L42 () String "description")   (define-fun L10 () String "")   (define-fun L22 () String "option")   (define-fun L4 () String "database")   (define-fun L50 () String "")   (define-fun L0 () String "name")   (define-fun L89 () String "")   (define-fun L57 () String "")   (define-fun L9 () String "type")   (define-fun L69 () String "")   (define-fun L104 () String "type")   (define-fun L85 () String "")   (define-fun L53 () String "description")   (define-fun L97 () String "")   (define-fun L5 () String "database")   (define-fun L65 () String "")   (define-fun L108 () String "")   (define-fun L33 () String "length")   (define-fun L77 () String "description")   (define-fun L81 () String "")   (define-fun L93 () String "")   (define-fun L1 () String "name")   (define-fun L61 () String "option")   (define-fun L73 () String "field")   (define-fun L16 () String "")   (define-fun L28 () String "name")   (define-fun L12 () String "name")   (define-fun L24 () String "")   (define-fun L36 () String "")   (define-fun L48 () String "")   (define-fun L52 () String "html")   (define-fun L20 () String "description")   (define-fun L32 () String "")   (define-fun L6 () String "field")   (define-fun L44 () String "")   (define-fun L2 () String "")   (define-fun L40 () String "name")   (define-fun sym195 () String "")   (define-fun sym150 () String "")   (define-fun sym479 () String "")   (define-fun sym313 () String "")   (define-fun sym433 () String "")   (define-fun sym675 () String "")   (define-fun sym279 () String "")   (define-fun sym113 () String "DATABASE")   (define-fun sym397 () String "TYPE")   (define-fun sym595 () String "")   (define-fun sym352 () String "")   (define-fun sym639 () String "")   (define-fun sym715 () String "OPTION")   (define-fun sym239 () String "NAME")   (define-fun sym557 () String "NAME")   (define-fun sym581 () String "DESCRIPTION")   (define-fun sym185 () String "")   (define-fun sym303 () String "")   (define-fun sym423 () String "")   (define-fun sym225 () String "TABLE")   (define-fun sym543 () String "FIELD")   (define-fun sym387 () String "")   (define-fun sym264 () String "DESCRIPTION")   (define-fun sym509 () String "OPTION")   (define-fun sym629 () String "")   (define-fun sym749 () String "")   (define-fun sym705 () String "")   (define-fun sym469 () String "")   (define-fun sym20 () String "HTML")   (define-fun sym215 () String "")   (define-fun sym413 () String "")   (define-fun sym533 () String "")   (define-fun sym499 () String "")   (define-fun sym377 () String "")   (define-fun sym135 () String "NAME")   (define-fun sym453 () String "OPTION")   (define-fun sym695 () String "")   (define-fun sym254 () String "")   (define-fun sym175 () String "")   (define-fun sym571 () String "")   (define-fun sym739 () String "")   (define-fun sym615 () String "TYPE")   (define-fun sym659 () String "LENGTH")   (define-fun sym337 () String "NAME")   (define-fun sym160 () String "DESCRIPTION")   (define-fun sym523 () String "")   (define-fun sym489 () String "")   (define-fun sym323 () String "FIELD")   (define-fun sym289 () String "DESCRIPTION")   (define-fun sym685 () String "")   (define-fun sym443 () String "")   (define-fun sym362 () String "DESCRIPTION")   (define-fun sym729 () String "")   (define-fun sym649 () String "")   (define-fun sym605 () String "")   (define-fun sym205 () String "")   (define-fun RegLan!270 () RegLan Alphabet) ) ,jxml2sql21.smt2: timeout ,
jxml2sql22.smt2; sat, 1: "HTML" 3: "" 5: "" 7: "" 9: "DESCRIPTION" 11: "" 13: "NAME" 15: "TABLE" 17: "" 19: "" 21: "" 23: "" 25: "" 27: "DESCRIPTION" 29: "" 31: "NAME" 33: "DATABASE" ,jxml2sql22.smt2: (error "Parse Error: benchmarks/not_smt/cvc5/real/jxml2sql22.smt2:41.37: Symbol 'str.toLower' not declared as a variable") ,,jxml2sql22.smt2: sat ,(model   (define-fun L16 () String "database")   (define-fun L17 () String "database")   (define-fun L28 () String "description")   (define-fun L18 () String "")   (define-fun L12 () String "description")   (define-fun L24 () String "name")   (define-fun L14 () String "")   (define-fun L26 () String "name")   (define-fun L7 () String "")   (define-fun L30 () String "")   (define-fun L8 () String "field")   (define-fun L20 () String "")   (define-fun L5 () String "description")   (define-fun L10 () String "")   (define-fun L32 () String "")   (define-fun L6 () String "html")   (define-fun L22 () String "")   (define-fun L3 () String "table")   (define-fun L4 () String "")   (define-fun L1 () String "name")   (define-fun L2 () String "table")   (define-fun L0 () String "")   (define-fun sym185 () String "")   (define-fun sym195 () String "")   (define-fun sym150 () String "")   (define-fun sym160 () String "DESCRIPTION")   (define-fun sym215 () String "")   (define-fun sym225 () String "TABLE")   (define-fun sym279 () String "")   (define-fun sym135 () String "NAME")   (define-fun sym113 () String "DATABASE")   (define-fun sym289 () String "")   (define-fun sym299 () String "")   (define-fun sym254 () String "")   (define-fun sym264 () String "DESCRIPTION")   (define-fun sym175 () String "")   (define-fun sym239 () String "NAME")   (define-fun sym205 () String "")   (define-fun sym20 () String "HTML")   (define-fun RegLan!226 () RegLan Alphabet) ) ,jxml2sql22.smt2: timeout ,
jxml2sql23.smt2; sat, 1: "HTML" 3: "" 5: "" 7: "" 9: "OPTION" 11: "" 13: "" 15: "" 17: "" 19: "LENGTH" 21: "" 23: "" 25: "" 27: "TYPE" 29: "" 31: "" 33: "DESCRIPTION" 35: "" 37: "FIELD" 39: "" 41: "" 43: "OPTION" 45: "" 47: "" 49: "" 51: "" 53: "OPTION" 55: "" 57: "" 59: "" 61: "" 63: "TYPE" 65: "" 67: "" 69: "DESCRIPTION" 71: "" 73: "FIELD" 75: "" 77: "" 79: "DESCRIPTION" 81: "" 83: "NAME" 85: "TABLE" 87: "" 89: "" 91: "" 93: "" 95: "" 97: "DESCRIPTION" 99: "" 101: "NAME" 103: "DATABASE" ,jxml2sql23.smt2: (error "Parse Error: benchmarks/not_smt/cvc5/real/jxml2sql23.smt2:111.37: Symbol 'str.toLower' not declared as a variable") ,,jxml2sql23.smt2: sat ,(model   (define-fun L39 () String "")   (define-fun L23 () String "table")   (define-fun L35 () String "")   (define-fun L47 () String "")   (define-fun L59 () String "")   (define-fun L31 () String "")   (define-fun L43 () String "")   (define-fun L11 () String "type")   (define-fun L55 () String "")   (define-fun L3 () String "length")   (define-fun L51 () String "")   (define-fun L102 () String "")   (define-fun L18 () String "")   (define-fun L78 () String "")   (define-fun L14 () String "")   (define-fun L26 () String "")   (define-fun L74 () String "type")   (define-fun L8 () String "")   (define-fun L86 () String "")   (define-fun L10 () String "")   (define-fun L54 () String "option")   (define-fun L98 () String "name")   (define-fun L22 () String "table")   (define-fun L66 () String "length")   (define-fun L70 () String "")   (define-fun L4 () String "")   (define-fun L82 () String "")   (define-fun L94 () String "")   (define-fun L62 () String "description")   (define-fun L0 () String "")   (define-fun L90 () String "field")   (define-fun L49 () String "description")   (define-fun L17 () String "field")   (define-fun L29 () String "")   (define-fun L45 () String "")   (define-fun L57 () String "")   (define-fun L37 () String "")   (define-fun L41 () String "description")   (define-fun L85 () String "database")   (define-fun L53 () String "option")   (define-fun L5 () String "description")   (define-fun L33 () String "description")   (define-fun L1 () String "name")   (define-fun L100 () String "field")   (define-fun L16 () String "")   (define-fun L28 () String "html")   (define-fun L12 () String "")   (define-fun L24 () String "")   (define-fun L68 () String "type")   (define-fun L96 () String "")   (define-fun L20 () String "")   (define-fun L64 () String "name")   (define-fun L76 () String "option")   (define-fun L6 () String "")   (define-fun L88 () String "")   (define-fun L92 () String "")   (define-fun L72 () String "option")   (define-fun L2 () String "")   (define-fun L84 () String "database")   (define-fun L80 () String "")   (define-fun sym394 () String "")   (define-fun sym195 () String "")   (define-fun sym470 () String "OPTION")   (define-fun sym150 () String "")   (define-fun sym358 () String "TYPE")   (define-fun sym632 () String "")   (define-fun sym313 () String "")   (define-fun sym676 () String "")   (define-fun sym279 () String "")   (define-fun sym113 () String "DATABASE")   (define-fun sym552 () String "")   (define-fun sym596 () String "")   (define-fun sym430 () String "")   (define-fun sym518 () String "")   (define-fun sym239 () String "NAME")   (define-fun sym460 () String "")   (define-fun sym185 () String "")   (define-fun sym622 () String "")   (define-fun sym225 () String "TABLE")   (define-fun sym542 () String "")   (define-fun sym586 () String "")   (define-fun sym662 () String "OPTION")   (define-fun sym264 () String "DESCRIPTION")   (define-fun sym384 () String "")   (define-fun sym504 () String "FIELD")   (define-fun sym20 () String "HTML")   (define-fun sym348 () String "")   (define-fun sym215 () String "")   (define-fun sym576 () String "")   (define-fun sym135 () String "NAME")   (define-fun sym652 () String "")   (define-fun sym696 () String "")   (define-fun sym299 () String "FIELD")   (define-fun sym254 () String "")   (define-fun sym374 () String "")   (define-fun sym450 () String "")   (define-fun sym494 () String "")   (define-fun sym175 () String "")   (define-fun sym338 () String "")   (define-fun sym414 () String "OPTION")   (define-fun sym160 () String "DESCRIPTION")   (define-fun sym323 () String "DESCRIPTION")   (define-fun sym642 () String "")   (define-fun sym686 () String "")   (define-fun sym289 () String "")   (define-fun sym562 () String "TYPE")   (define-fun sym484 () String "")   (define-fun sym440 () String "")   (define-fun sym606 () String "LENGTH")   (define-fun sym528 () String "DESCRIPTION")   (define-fun sym404 () String "")   (define-fun sym205 () String "")   (define-fun RegLan!270 () RegLan Alphabet) ) ,jxml2sql23.smt2: (error "out of memory") ,
jxml2sql24.smt2; sat, 1: "HTML" 3: "" 5: "" 7: "" 9: "OPTION" 11: "" 13: "" 15: "" 17: "" 19: "LENGTH" 21: "" 23: "" 25: "" 27: "TYPE" 29: "" 31: "" 33: "DESCRIPTION" 35: "" 37: "NAME" 39: "NAME" 41: "FIELD" 43: "" 45: "" 47: "OPTION" 49: "" 51: "" 53: "" 55: "" 57: "OPTION" 59: "" 61: "" 63: "" 65: "" 67: "TYPE" 69: "" 71: "" 73: "DESCRIPTION" 75: "" 77: "NAME" 79: "NAME" 81: "FIELD" 83: "" 85: "" 87: "DESCRIPTION" 89: "" 91: "NAME" 93: "TABLE" 95: "" 97: "" 99: "" 101: "" 103: "" 105: "DESCRIPTION" 107: "" 109: "NAME" 111: "DATABASE" ,jxml2sql24.smt2: (error "Parse Error: benchmarks/not_smt/cvc5/real/jxml2sql24.smt2:119.32: Symbol 'str.toLower' not declared as a variable") ,,jxml2sql24.smt2: sat ,(model   (define-fun L39 () String "")   (define-fun L106 () String "")   (define-fun L35 () String "description")   (define-fun L47 () String "")   (define-fun L7 () String "database")   (define-fun L31 () String "name")   (define-fun L43 () String "option")   (define-fun L11 () String "option")   (define-fun L3 () String "type")   (define-fun L110 () String "")   (define-fun L102 () String "")   (define-fun L18 () String "")   (define-fun L78 () String "")   (define-fun L14 () String "description")   (define-fun L58 () String "")   (define-fun L26 () String "")   (define-fun L30 () String "html")   (define-fun L74 () String "")   (define-fun L8 () String "")   (define-fun L86 () String "")   (define-fun L10 () String "option")   (define-fun L54 () String "type")   (define-fun L98 () String "")   (define-fun L22 () String "name")   (define-fun L66 () String "")   (define-fun L70 () String "")   (define-fun L4 () String "")   (define-fun L82 () String "")   (define-fun L50 () String "")   (define-fun L94 () String "")   (define-fun L62 () String "length")   (define-fun L0 () String "name")   (define-fun L90 () String "description")   (define-fun L45 () String "")   (define-fun L9 () String "description")   (define-fun L104 () String "")   (define-fun L37 () String "description")   (define-fun L41 () String "")   (define-fun L5 () String "length")   (define-fun L65 () String "table")   (define-fun L108 () String "type")   (define-fun L33 () String "")   (define-fun L1 () String "name")   (define-fun L61 () String "field")   (define-fun L100 () String "option")   (define-fun L16 () String "")   (define-fun L28 () String "")   (define-fun L12 () String "")   (define-fun L56 () String "")   (define-fun L24 () String "name")   (define-fun L68 () String "")   (define-fun L52 () String "")   (define-fun L96 () String "name")   (define-fun L20 () String "")   (define-fun L64 () String "table")   (define-fun L76 () String "")   (define-fun L6 () String "database")   (define-fun L88 () String "")   (define-fun L92 () String "")   (define-fun L60 () String "field")   (define-fun L72 () String "")   (define-fun L2 () String "")   (define-fun L84 () String "field")   (define-fun L80 () String "name")   (define-fun sym195 () String "")   (define-fun sym150 () String "")   (define-fun sym633 () String "")   (define-fun sym479 () String "")   (define-fun sym313 () String "NAME")   (define-fun sym753 () String "")   (define-fun sym599 () String "")   (define-fun sym279 () String "")   (define-fun sym433 () String "")   (define-fun sym113 () String "DATABASE")   (define-fun sym352 () String "DESCRIPTION")   (define-fun sym679 () String "")   (define-fun sym239 () String "NAME")   (define-fun sym513 () String "")   (define-fun sym719 () String "OPTION")   (define-fun sym185 () String "")   (define-fun sym743 () String "")   (define-fun sym423 () String "")   (define-fun sym225 () String "TABLE")   (define-fun sym663 () String "LENGTH")   (define-fun sym387 () String "TYPE")   (define-fun sym585 () String "DESCRIPTION")   (define-fun sym342 () String "")   (define-fun sym264 () String "DESCRIPTION")   (define-fun sym547 () String "NAME")   (define-fun sym469 () String "")   (define-fun sym20 () String "HTML")   (define-fun sym709 () String "")   (define-fun sym699 () String "")   (define-fun sym413 () String "")   (define-fun sym215 () String "")   (define-fun sym533 () String "FIELD")   (define-fun sym499 () String "OPTION")   (define-fun sym653 () String "")   (define-fun sym575 () String "")   (define-fun sym135 () String "NAME")   (define-fun sym377 () String "")   (define-fun sym299 () String "FIELD")   (define-fun sym254 () String "")   (define-fun sym175 () String "")   (define-fun sym619 () String "TYPE")   (define-fun sym459 () String "")   (define-fun sym733 () String "")   (define-fun sym160 () String "DESCRIPTION")   (define-fun sym523 () String "")   (define-fun sym643 () String "")   (define-fun sym489 () String "")   (define-fun sym367 () String "")   (define-fun sym443 () String "OPTION")   (define-fun sym289 () String "")   (define-fun sym561 () String "NAME")   (define-fun sym328 () String "NAME")   (define-fun sym689 () String "")   (define-fun sym205 () String "")   (define-fun sym403 () String "")   (define-fun sym609 () String "")   (define-fun RegLan!270 () RegLan Alphabet) ) ,jxml2sql24.smt2: timeout ,
jxml2sql25.smt2; sat, 1: "HTML" 3: "" 5: "" 7: "" 9: "OPTION" 11: "" 13: "" 15: "" 17: "" 19: "LENGTH" 21: "" 23: "" 25: "" 27: "DESCRIPTION" 29: "" 31: "NAME" 33: "FIELD" 35: "" 37: "" 39: "OPTION" 41: "" 43: "" 45: "" 47: "" 49: "OPTION" 51: "" 53: "" 55: "" 57: "" 59: "DESCRIPTION" 61: "" 63: "NAME" 65: "FIELD" 67: "" 69: "" 71: "DESCRIPTION" 73: "" 75: "NAME" 77: "TABLE" 79: "" 81: "" 83: "" 85: "" 87: "" 89: "DESCRIPTION" 91: "" 93: "NAME" 95: "DATABASE" ,jxml2sql25.smt2: (error "Parse Error: benchmarks/not_smt/cvc5/real/jxml2sql25.smt2:103.32: Symbol 'str.toLower' not declared as a variable") ,,jxml2sql25.smt2: sat ,(model   (define-fun L27 () String "")   (define-fun L35 () String "database")   (define-fun L15 () String "table")   (define-fun L31 () String "option")   (define-fun L38 () String "option")   (define-fun L18 () String "")   (define-fun L78 () String "")   (define-fun L46 () String "")   (define-fun L14 () String "table")   (define-fun L58 () String "")   (define-fun L26 () String "html")   (define-fun L74 () String "description")   (define-fun L8 () String "")   (define-fun L42 () String "")   (define-fun L86 () String "")   (define-fun L10 () String "name")   (define-fun L54 () String "")   (define-fun L22 () String "description")   (define-fun L66 () String "field")   (define-fun L70 () String "")   (define-fun L4 () String "name")   (define-fun L82 () String "")   (define-fun L50 () String "")   (define-fun L94 () String "")   (define-fun L62 () String "")   (define-fun L0 () String "description")   (define-fun L90 () String "")   (define-fun L49 () String "type")   (define-fun L29 () String "")   (define-fun L25 () String "option")   (define-fun L53 () String "field")   (define-fun L5 () String "name")   (define-fun L21 () String "length")   (define-fun L33 () String "description")   (define-fun L1 () String "description")   (define-fun L16 () String "")   (define-fun L12 () String "")   (define-fun L56 () String "")   (define-fun L24 () String "option")   (define-fun L68 () String "length")   (define-fun L36 () String "database")   (define-fun L48 () String "")   (define-fun L52 () String "field")   (define-fun L20 () String "")   (define-fun L64 () String "")   (define-fun L76 () String "")   (define-fun L6 () String "")   (define-fun L44 () String "name")   (define-fun L88 () String "")   (define-fun L92 () String "name")   (define-fun L60 () String "")   (define-fun L72 () String "")   (define-fun L2 () String "")   (define-fun L40 () String "")   (define-fun L84 () String "")   (define-fun L80 () String "")   (define-fun sym393 () String "OPTION")   (define-fun sym195 () String "")   (define-fun sym591 () String "")   (define-fun sym150 () String "")   (define-fun sym655 () String "")   (define-fun sym611 () String "")   (define-fun sym215 () String "")   (define-fun sym511 () String "")   (define-fun sym555 () String "")   (define-fun sym313 () String "NAME")   (define-fun sym279 () String "")   (define-fun sym135 () String "NAME")   (define-fun sym113 () String "DATABASE")   (define-fun sym299 () String "FIELD")   (define-fun sym497 () String "NAME")   (define-fun sym254 () String "")   (define-fun sym353 () String "")   (define-fun sym473 () String "")   (define-fun sym373 () String "")   (define-fun sym175 () String "")   (define-fun sym419 () String "")   (define-fun sym439 () String "")   (define-fun sym635 () String "")   (define-fun sym338 () String "DESCRIPTION")   (define-fun sym239 () String "NAME")   (define-fun sym535 () String "")   (define-fun sym581 () String "")   (define-fun sym185 () String "")   (define-fun sym383 () String "")   (define-fun sym160 () String "DESCRIPTION")   (define-fun sym545 () String "")   (define-fun sym621 () String "OPTION")   (define-fun sym225 () String "TABLE")   (define-fun sym565 () String "LENGTH")   (define-fun sym521 () String "DESCRIPTION")   (define-fun sym289 () String "")   (define-fun sym463 () String "")   (define-fun sym264 () String "DESCRIPTION")   (define-fun sym363 () String "")   (define-fun sym483 () String "FIELD")   (define-fun sym409 () String "")   (define-fun sym429 () String "")   (define-fun sym328 () String "")   (define-fun sym449 () String "OPTION")   (define-fun sym601 () String "")   (define-fun sym205 () String "")   (define-fun sym20 () String "HTML")   (define-fun sym645 () String "")   (define-fun RegLan!264 () RegLan Alphabet) ) ,jxml2sql25.smt2: (error "out of memory") ,
jxml2sql26.smt2; sat, 1: "HTML" 3: "" 5: "" 7: "" 9: "OPTION" 11: "" 13: "" 15: "" 17: "" 19: "LENGTH" 21: "" 23: "" 25: "" 27: "TYPE" 29: "" 31: "" 33: "TYPE" 35: "" 37: "" 39: "DESCRIPTION" 41: "" 43: "NAME" 45: "FIELD" 47: "" 49: "" 51: "OPTION" 53: "" 55: "" 57: "" 59: "" 61: "OPTION" 63: "" 65: "" 67: "" 69: "" 71: "TYPE" 73: "" 75: "" 77: "TYPE" 79: "" 81: "" 83: "DESCRIPTION" 85: "" 87: "NAME" 89: "FIELD" 91: "" 93: "" 95: "DESCRIPTION" 97: "" 99: "NAME" 101: "TABLE" 103: "" 105: "" 107: "" 109: "" 111: "" 113: "DESCRIPTION" 115: "" 117: "NAME" 119: "DATABASE" ,jxml2sql26.smt2: (error "Parse Error: benchmarks/not_smt/cvc5/real/jxml2sql26.smt2:127.37: Symbol 'str.toLower' not declared as a variable") ,,jxml2sql26.smt2: sat ,(model   (define-fun L106 () String "")   (define-fun L118 () String "description")   (define-fun L7 () String "type")   (define-fun L3 () String "option")   (define-fun L110 () String "")   (define-fun L102 () String "description")   (define-fun L114 () String "")   (define-fun L38 () String "name")   (define-fun L18 () String "")   (define-fun L34 () String "")   (define-fun L78 () String "")   (define-fun L46 () String "")   (define-fun L14 () String "")   (define-fun L58 () String "")   (define-fun L26 () String "name")   (define-fun L30 () String "option")   (define-fun L74 () String "description")   (define-fun L8 () String "")   (define-fun L42 () String "")   (define-fun L86 () String "")   (define-fun L10 () String "")   (define-fun L54 () String "field")   (define-fun L98 () String "name")   (define-fun L22 () String "")   (define-fun L66 () String "")   (define-fun L70 () String "")   (define-fun L4 () String "database")   (define-fun L82 () String "")   (define-fun L50 () String "description")   (define-fun L94 () String "")   (define-fun L62 () String "")   (define-fun L0 () String "")   (define-fun L90 () String "")   (define-fun L17 () String "field")   (define-fun L29 () String "table")   (define-fun L13 () String "name")   (define-fun L9 () String "description")   (define-fun L104 () String "")   (define-fun L116 () String "")   (define-fun L5 () String "database")   (define-fun L108 () String "html")   (define-fun L1 () String "length")   (define-fun L100 () String "option")   (define-fun L112 () String "type")   (define-fun L16 () String "field")   (define-fun L28 () String "")   (define-fun L12 () String "")   (define-fun L56 () String "")   (define-fun L24 () String "type")   (define-fun L68 () String "table")   (define-fun L36 () String "name")   (define-fun L48 () String "")   (define-fun L52 () String "")   (define-fun L96 () String "length")   (define-fun L20 () String "")   (define-fun L64 () String "")   (define-fun L32 () String "")   (define-fun L76 () String "")   (define-fun L6 () String "type")   (define-fun L44 () String "")   (define-fun L88 () String "")   (define-fun L92 () String "")   (define-fun L60 () String "")   (define-fun L72 () String "type")   (define-fun L2 () String "option")   (define-fun L40 () String "")   (define-fun L84 () String "")   (define-fun L80 () String "")   (define-fun sym591 () String "DESCRIPTION")   (define-fun sym195 () String "")   (define-fun sym150 () String "")   (define-fun sym479 () String "")   (define-fun sym313 () String "NAME")   (define-fun sym279 () String "")   (define-fun sym433 () String "")   (define-fun sym553 () String "FIELD")   (define-fun sym399 () String "")   (define-fun sym113 () String "DATABASE")   (define-fun sym673 () String "")   (define-fun sym353 () String "")   (define-fun sym793 () String "")   (define-fun sym519 () String "OPTION")   (define-fun sym639 () String "")   (define-fun sym759 () String "OPTION")   (define-fun sym239 () String "NAME")   (define-fun sym719 () String "")   (define-fun sym581 () String "")   (define-fun sym185 () String "")   (define-fun sym225 () String "TABLE")   (define-fun sym423 () String "")   (define-fun sym543 () String "")   (define-fun sym389 () String "")   (define-fun sym783 () String "")   (define-fun sym463 () String "OPTION")   (define-fun sym264 () String "DESCRIPTION")   (define-fun sym509 () String "")   (define-fun sym749 () String "")   (define-fun sym703 () String "LENGTH")   (define-fun sym625 () String "TYPE")   (define-fun sym20 () String "HTML")   (define-fun sym215 () String "")   (define-fun sym533 () String "")   (define-fun sym499 () String "")   (define-fun sym773 () String "")   (define-fun sym135 () String "NAME")   (define-fun sym299 () String "FIELD")   (define-fun sym453 () String "")   (define-fun sym254 () String "")   (define-fun sym693 () String "")   (define-fun sym175 () String "")   (define-fun sym373 () String "TYPE")   (define-fun sym739 () String "")   (define-fun sym615 () String "")   (define-fun sym659 () String "TYPE")   (define-fun sym338 () String "DESCRIPTION")   (define-fun sym160 () String "DESCRIPTION")   (define-fun sym567 () String "NAME")   (define-fun sym489 () String "")   (define-fun sym443 () String "")   (define-fun sym289 () String "")   (define-fun sym683 () String "")   (define-fun sym363 () String "")   (define-fun sym729 () String "")   (define-fun sym409 () String "TYPE")   (define-fun sym649 () String "")   (define-fun sym605 () String "")   (define-fun sym328 () String "")   (define-fun sym205 () String "")   (define-fun RegLan!270 () RegLan Alphabet) ) ,jxml2sql26.smt2: (error "out of memory") ,
jxml2sql27.smt2; sat, 1: "HTML" 3: "" 5: "" 7: "" 9: "OPTION" 11: "" 13: "" 15: "" 17: "" 19: "LENGTH" 21: "" 23: "" 25: "" 27: "TYPE" 29: "" 31: "" 33: "DESCRIPTION" 35: "" 37: "DESCRIPTION" 39: "" 41: "NAME" 43: "FIELD" 45: "" 47: "" 49: "OPTION" 51: "" 53: "" 55: "" 57: "" 59: "OPTION" 61: "" 63: "" 65: "" 67: "" 69: "TYPE" 71: "" 73: "" 75: "DESCRIPTION" 77: "" 79: "DESCRIPTION" 81: "" 83: "NAME" 85: "FIELD" 87: "" 89: "" 91: "DESCRIPTION" 93: "" 95: "NAME" 97: "TABLE" 99: "" 101: "" 103: "" 105: "" 107: "" 109: "DESCRIPTION" 111: "" 113: "NAME" 115: "DATABASE" ,jxml2sql27.smt2: (error "Parse Error: benchmarks/not_smt/cvc5/real/jxml2sql27.smt2:123.32: Symbol 'str.toLower' not declared as a variable") ,,jxml2sql27.smt2: sat ,(model   (define-fun L106 () String "")   (define-fun L43 () String "field")   (define-fun L11 () String "description")   (define-fun L55 () String "database")   (define-fun L3 () String "option")   (define-fun L71 () String "table")   (define-fun L110 () String "")   (define-fun L114 () String "")   (define-fun L38 () String "description")   (define-fun L18 () String "description")   (define-fun L34 () String "type")   (define-fun L78 () String "")   (define-fun L46 () String "")   (define-fun L14 () String "")   (define-fun L58 () String "")   (define-fun L26 () String "")   (define-fun L30 () String "name")   (define-fun L74 () String "")   (define-fun L8 () String "")   (define-fun L42 () String "field")   (define-fun L86 () String "field")   (define-fun L10 () String "")   (define-fun L54 () String "database")   (define-fun L98 () String "")   (define-fun L22 () String "")   (define-fun L66 () String "type")   (define-fun L70 () String "table")   (define-fun L4 () String "name")   (define-fun L82 () String "")   (define-fun L50 () String "")   (define-fun L94 () String "option")   (define-fun L62 () String "")   (define-fun L0 () String "length")   (define-fun L103 () String "")   (define-fun L90 () String "")   (define-fun L25 () String "type")   (define-fun L5 () String "name")   (define-fun L108 () String "")   (define-fun L1 () String "length")   (define-fun L100 () String "html")   (define-fun L112 () String "option")   (define-fun L16 () String "")   (define-fun L28 () String "description")   (define-fun L12 () String "")   (define-fun L56 () String "")   (define-fun L24 () String "")   (define-fun L68 () String "name")   (define-fun L36 () String "")   (define-fun L48 () String "")   (define-fun L52 () String "")   (define-fun L96 () String "")   (define-fun L20 () String "")   (define-fun L64 () String "")   (define-fun L32 () String "")   (define-fun L76 () String "")   (define-fun L6 () String "")   (define-fun L44 () String "name")   (define-fun L88 () String "description")   (define-fun L92 () String "")   (define-fun L60 () String "")   (define-fun L72 () String "")   (define-fun L2 () String "option")   (define-fun L40 () String "")   (define-fun L84 () String "description")   (define-fun L80 () String "description")   (define-fun L101 () String "")   (define-fun sym195 () String "")   (define-fun sym150 () String "")   (define-fun sym479 () String "")   (define-fun sym313 () String "NAME")   (define-fun sym753 () String "")   (define-fun sym433 () String "")   (define-fun sym279 () String "")   (define-fun sym113 () String "DATABASE")   (define-fun sym673 () String "")   (define-fun sym397 () String "TYPE")   (define-fun sym353 () String "")   (define-fun sym595 () String "")   (define-fun sym639 () String "TYPE")   (define-fun sym239 () String "NAME")   (define-fun sym557 () String "NAME")   (define-fun sym719 () String "")   (define-fun sym185 () String "")   (define-fun sym581 () String "DESCRIPTION")   (define-fun sym423 () String "")   (define-fun sym225 () String "TABLE")   (define-fun sym543 () String "FIELD")   (define-fun sym663 () String "")   (define-fun sym387 () String "")   (define-fun sym264 () String "DESCRIPTION")   (define-fun sym509 () String "OPTION")   (define-fun sym629 () String "")   (define-fun sym20 () String "HTML")   (define-fun sym469 () String "")   (define-fun sym709 () String "")   (define-fun sym413 () String "")   (define-fun sym215 () String "")   (define-fun sym699 () String "")   (define-fun sym533 () String "")   (define-fun sym499 () String "")   (define-fun sym653 () String "")   (define-fun sym773 () String "")   (define-fun sym135 () String "NAME")   (define-fun sym377 () String "")   (define-fun sym453 () String "OPTION")   (define-fun sym299 () String "FIELD")   (define-fun sym254 () String "")   (define-fun sym175 () String "")   (define-fun sym571 () String "")   (define-fun sym619 () String "")   (define-fun sym739 () String "OPTION")   (define-fun sym338 () String "DESCRIPTION")   (define-fun sym160 () String "DESCRIPTION")   (define-fun sym523 () String "")   (define-fun sym489 () String "")   (define-fun sym763 () String "")   (define-fun sym289 () String "")   (define-fun sym443 () String "")   (define-fun sym683 () String "LENGTH")   (define-fun sym363 () String "DESCRIPTION")   (define-fun sym729 () String "")   (define-fun sym605 () String "DESCRIPTION")   (define-fun sym328 () String "")   (define-fun sym205 () String "")   (define-fun RegLan!270 () RegLan Alphabet) ) ,jxml2sql27.smt2: timeout ,
jxml2sql28.smt2; sat, 1: "HTML" 3: "" 5: "" 7: "" 9: "OPTION" 11: "" 13: "" 15: "" 17: "" 19: "LENGTH" 21: "" 23: "" 25: "" 27: "LENGTH" 29: "" 31: "" 33: "" 35: "TYPE" 37: "" 39: "" 41: "DESCRIPTION" 43: "" 45: "NAME" 47: "FIELD" 49: "" 51: "" 53: "OPTION" 55: "" 57: "" 59: "" 61: "" 63: "OPTION" 65: "" 67: "" 69: "" 71: "" 73: "TYPE" 75: "" 77: "" 79: "DESCRIPTION" 81: "" 83: "NAME" 85: "FIELD" 87: "" 89: "" 91: "DESCRIPTION" 93: "" 95: "NAME" 97: "TABLE" 99: "" 101: "" 103: "" 105: "" 107: "" 109: "DESCRIPTION" 111: "" 113: "NAME" 115: "DATABASE" ,jxml2sql28.smt2: (error "Parse Error: benchmarks/not_smt/cvc5/real/jxml2sql28.smt2:123.32: Symbol 'str.toLower' not declared as a variable") ,,jxml2sql28.smt2: sat ,(model   (define-fun L106 () String "")   (define-fun L63 () String "field")   (define-fun L99 () String "")   (define-fun L3 () String "description")   (define-fun L110 () String "name")   (define-fun L114 () String "")   (define-fun L38 () String "")   (define-fun L18 () String "")   (define-fun L34 () String "")   (define-fun L78 () String "description")   (define-fun L46 () String "description")   (define-fun L14 () String "")   (define-fun L58 () String "")   (define-fun L26 () String "")   (define-fun L30 () String "")   (define-fun L74 () String "length")   (define-fun L8 () String "name")   (define-fun L42 () String "description")   (define-fun L86 () String "")   (define-fun L10 () String "")   (define-fun L54 () String "")   (define-fun L22 () String "")   (define-fun L66 () String "")   (define-fun L70 () String "")   (define-fun L4 () String "type")   (define-fun L82 () String "field")   (define-fun L50 () String "")   (define-fun L94 () String "")   (define-fun L62 () String "field")   (define-fun L0 () String "length")   (define-fun L90 () String "option")   (define-fun L29 () String "option")   (define-fun L13 () String "table")   (define-fun L9 () String "name")   (define-fun L104 () String "")   (define-fun L97 () String "description")   (define-fun L5 () String "type")   (define-fun L108 () String "")   (define-fun L1 () String "length")   (define-fun L61 () String "database")   (define-fun L112 () String "")   (define-fun L16 () String "")   (define-fun L28 () String "option")   (define-fun L12 () String "")   (define-fun L56 () String "")   (define-fun L24 () String "name")   (define-fun L68 () String "")   (define-fun L36 () String "")   (define-fun L48 () String "")   (define-fun L52 () String "")   (define-fun L96 () String "html")   (define-fun L20 () String "")   (define-fun L64 () String "")   (define-fun L32 () String "")   (define-fun L76 () String "")   (define-fun L6 () String "")   (define-fun L44 () String "type")   (define-fun L88 () String "table")   (define-fun L92 () String "")   (define-fun L60 () String "database")   (define-fun L72 () String "option")   (define-fun L2 () String "")   (define-fun L40 () String "")   (define-fun L84 () String "")   (define-fun L80 () String "name")   (define-fun L101 () String "")   (define-fun sym591 () String "TYPE")   (define-fun sym195 () String "")   (define-fun sym150 () String "")   (define-fun sym313 () String "NAME")   (define-fun sym279 () String "")   (define-fun sym113 () String "DATABASE")   (define-fun sym399 () String "")   (define-fun sym475 () String "")   (define-fun sym353 () String "")   (define-fun sym671 () String "")   (define-fun sym519 () String "FIELD")   (define-fun sym715 () String "")   (define-fun sym759 () String "")   (define-fun sym239 () String "NAME")   (define-fun sym635 () String "LENGTH")   (define-fun sym557 () String "DESCRIPTION")   (define-fun sym185 () String "")   (define-fun sym581 () String "")   (define-fun sym225 () String "TABLE")   (define-fun sym389 () String "")   (define-fun sym465 () String "")   (define-fun sym661 () String "")   (define-fun sym264 () String "DESCRIPTION")   (define-fun sym509 () String "")   (define-fun sym705 () String "")   (define-fun sym749 () String "")   (define-fun sym429 () String "OPTION")   (define-fun sym625 () String "")   (define-fun sym547 () String "")   (define-fun sym20 () String "HTML")   (define-fun sym215 () String "")   (define-fun sym533 () String "NAME")   (define-fun sym455 () String "")   (define-fun sym499 () String "")   (define-fun sym135 () String "NAME")   (define-fun sym299 () String "FIELD")   (define-fun sym651 () String "")   (define-fun sym695 () String "")   (define-fun sym254 () String "")   (define-fun sym175 () String "")   (define-fun sym571 () String "")   (define-fun sym373 () String "TYPE")   (define-fun sym419 () String "")   (define-fun sym615 () String "")   (define-fun sym735 () String "OPTION")   (define-fun sym338 () String "DESCRIPTION")   (define-fun sym160 () String "DESCRIPTION")   (define-fun sym445 () String "")   (define-fun sym289 () String "")   (define-fun sym485 () String "OPTION")   (define-fun sym363 () String "")   (define-fun sym681 () String "LENGTH")   (define-fun sym409 () String "")   (define-fun sym605 () String "")   (define-fun sym769 () String "")   (define-fun sym725 () String "")   (define-fun sym328 () String "")   (define-fun sym205 () String "")   (define-fun RegLan!270 () RegLan Alphabet) ) ,jxml2sql28.smt2: timeout ,
jxml2sql29.smt2; sat, 1: "HTML" 3: "" 5: "" 7: "" 9: "OPTION" 11: "" 13: "" 15: "" 17: "" 19: "LENGTH" 21: "" 23: "" 25: "" 27: "TYPE" 29: "" 31: "" 33: "DESCRIPTION" 35: "" 37: "NAME" 39: "FIELD" 41: "" 43: "" 45: "" 47: "" 49: "" 51: "" 53: "" 55: "" 57: "" 59: "" 61: "" 63: "" 65: "OPTION" 67: "" 69: "" 71: "" 73: "" 75: "OPTION" 77: "" 79: "" 81: "" 83: "" 85: "TYPE" 87: "" 89: "" 91: "DESCRIPTION" 93: "" 95: "NAME" 97: "FIELD" 99: "" 101: "" 103: "DESCRIPTION" 105: "" 107: "NAME" 109: "TABLE" 111: "" 113: "" 115: "" 117: "" 119: "" 121: "DESCRIPTION" 123: "" 125: "NAME" 127: "DATABASE" ,jxml2sql29.smt2: (error "Parse Error: benchmarks/not_smt/cvc5/real/jxml2sql29.smt2:135.32: Symbol 'str.toLower' not declared as a variable") ,,jxml2sql29.smt2: sat ,(model   (define-fun L27 () String "description")   (define-fun L39 () String "")   (define-fun L19 () String "")   (define-fun L23 () String "type")   (define-fun L67 () String "")   (define-fun L35 () String "")   (define-fun L79 () String "")   (define-fun L126 () String "")   (define-fun L47 () String "")   (define-fun L15 () String "")   (define-fun L59 () String "description")   (define-fun L7 () String "")   (define-fun L63 () String "description")   (define-fun L31 () String "name")   (define-fun L75 () String "")   (define-fun L43 () String "")   (define-fun L87 () String "")   (define-fun L11 () String "")   (define-fun L55 () String "")   (define-fun L99 () String "")   (define-fun L3 () String "name")   (define-fun L71 () String "name")   (define-fun L83 () String "")   (define-fun L51 () String "")   (define-fun L95 () String "")   (define-fun L122 () String "")   (define-fun L91 () String "option")   (define-fun L38 () String "field")   (define-fun L18 () String "table")   (define-fun L107 () String "field")   (define-fun L115 () String "")   (define-fun L22 () String "length")   (define-fun L4 () String "")   (define-fun L0 () String "database")   (define-fun L103 () String "")   (define-fun L111 () String "length")   (define-fun L49 () String "")   (define-fun L17 () String "")   (define-fun L29 () String "type")   (define-fun L45 () String "")   (define-fun L89 () String "")   (define-fun L13 () String "")   (define-fun L57 () String "")   (define-fun L9 () String "description")   (define-fun L25 () String "")   (define-fun L69 () String "")   (define-fun L37 () String "")   (define-fun L41 () String "")   (define-fun L85 () String "")   (define-fun L53 () String "")   (define-fun L97 () String "")   (define-fun L5 () String "description")   (define-fun L21 () String "")   (define-fun L65 () String "option")   (define-fun L33 () String "name")   (define-fun L77 () String "option")   (define-fun L81 () String "name")   (define-fun L93 () String "")   (define-fun L1 () String "database")   (define-fun L61 () String "")   (define-fun L73 () String "")   (define-fun L120 () String "field")   (define-fun L124 () String "")   (define-fun L56 () String "option")   (define-fun L117 () String "")   (define-fun L24 () String "type")   (define-fun L105 () String "")   (define-fun L6 () String "html")   (define-fun L109 () String "")   (define-fun L2 () String "")   (define-fun L113 () String "")   (define-fun L101 () String "table")   (define-fun sym195 () String "")   (define-fun sym150 () String "")   (define-fun sym633 () String "NAME")   (define-fun sym599 () String "")   (define-fun sym313 () String "NAME")   (define-fun sym279 () String "")   (define-fun sym399 () String "")   (define-fun sym751 () String "")   (define-fun sym113 () String "DATABASE")   (define-fun sym475 () String "")   (define-fun sym353 () String "")   (define-fun sym671 () String "")   (define-fun sym791 () String "OPTION")   (define-fun sym519 () String "")   (define-fun sym715 () String "")   (define-fun sym559 () String "")   (define-fun sym239 () String "NAME")   (define-fun sym185 () String "")   (define-fun sym589 () String "")   (define-fun sym225 () String "TABLE")   (define-fun sym389 () String "")   (define-fun sym465 () String "")   (define-fun sym781 () String "")   (define-fun sym264 () String "DESCRIPTION")   (define-fun sym509 () String "")   (define-fun sym705 () String "")   (define-fun sym429 () String "OPTION")   (define-fun sym825 () String "")   (define-fun sym549 () String "")   (define-fun sym20 () String "HTML")   (define-fun sym691 () String "TYPE")   (define-fun sym215 () String "")   (define-fun sym499 () String "")   (define-fun sym455 () String "")   (define-fun sym135 () String "NAME")   (define-fun sym299 () String "FIELD")   (define-fun sym771 () String "")   (define-fun sym254 () String "")   (define-fun sym175 () String "")   (define-fun sym373 () String "TYPE")   (define-fun sym619 () String "FIELD")   (define-fun sym815 () String "")   (define-fun sym419 () String "")   (define-fun sym539 () String "")   (define-fun sym735 () String "LENGTH")   (define-fun sym657 () String "DESCRIPTION")   (define-fun sym338 () String "DESCRIPTION")   (define-fun sym579 () String "")   (define-fun sym160 () String "DESCRIPTION")   (define-fun sym445 () String "")   (define-fun sym289 () String "")   (define-fun sym761 () String "")   (define-fun sym485 () String "OPTION")   (define-fun sym363 () String "")   (define-fun sym681 () String "")   (define-fun sym409 () String "")   (define-fun sym805 () String "")   (define-fun sym529 () String "")   (define-fun sym725 () String "")   (define-fun sym328 () String "")   (define-fun sym647 () String "")   (define-fun sym569 () String "")   (define-fun sym205 () String "")   (define-fun sym609 () String "")   (define-fun RegLan!270 () RegLan Alphabet) ) ,jxml2sql29.smt2: timeout ,
jxml2sql30.smt2; sat, 1: "HTML" 3: "" 5: "" 7: "" 9: "OPTION" 11: "" 13: "" 15: "" 17: "" 19: "LENGTH" 21: "" 23: "" 25: "" 27: "TYPE" 29: "" 31: "" 33: "DESCRIPTION" 35: "" 37: "NAME" 39: "FIELD" 41: "" 43: "" 45: "OPTION" 47: "" 49: "" 51: "" 53: "" 55: "OPTION" 57: "" 59: "" 61: "" 63: "" 65: "TYPE" 67: "" 69: "" 71: "DESCRIPTION" 73: "" 75: "NAME" 77: "FIELD" 79: "" 81: "" 83: "DESCRIPTION" 85: "" 87: "NAME" 89: "TABLE" 91: "" 93: "" 95: "" 97: "" 99: "" 101: "DESCRIPTION" 103: "" 105: "NAME" 107: "DATABASE" ,jxml2sql30.smt2: (error "Parse Error: benchmarks/not_smt/cvc5/real/jxml2sql30.smt2:115.32: Symbol 'str.toLower' not declared as a variable") ,,jxml2sql30.smt2: sat ,(model   (define-fun L27 () String "")   (define-fun L39 () String "type")   (define-fun L19 () String "option")   (define-fun L23 () String "description")   (define-fun L67 () String "")   (define-fun L106 () String "")   (define-fun L35 () String "")   (define-fun L47 () String "")   (define-fun L15 () String "")   (define-fun L59 () String "")   (define-fun L7 () String "")   (define-fun L63 () String "")   (define-fun L31 () String "")   (define-fun L43 () String "type")   (define-fun L11 () String "name")   (define-fun L55 () String "")   (define-fun L3 () String "database")   (define-fun L71 () String "field")   (define-fun L51 () String "")   (define-fun L102 () String "")   (define-fun L38 () String "table")   (define-fun L78 () String "")   (define-fun L46 () String "length")   (define-fun L14 () String "type")   (define-fun L58 () String "field")   (define-fun L8 () String "description")   (define-fun L86 () String "name")   (define-fun L98 () String "")   (define-fun L4 () String "")   (define-fun L82 () String "")   (define-fun L94 () String "")   (define-fun L0 () String "name")   (define-fun L90 () String "")   (define-fun L49 () String "")   (define-fun L17 () String "description")   (define-fun L29 () String "")   (define-fun L45 () String "")   (define-fun L13 () String "")   (define-fun L57 () String "field")   (define-fun L9 () String "")   (define-fun L25 () String "")   (define-fun L69 () String "")   (define-fun L104 () String "")   (define-fun L37 () String "table")   (define-fun L41 () String "")   (define-fun L53 () String "description")   (define-fun L21 () String "name")   (define-fun L65 () String "")   (define-fun L33 () String "")   (define-fun L1 () String "name")   (define-fun L61 () String "")   (define-fun L73 () String "")   (define-fun L100 () String "option")   (define-fun L96 () String "")   (define-fun L20 () String "option")   (define-fun L76 () String "")   (define-fun L6 () String "html")   (define-fun L88 () String "length")   (define-fun L92 () String "")   (define-fun L2 () String "database")   (define-fun L84 () String "description")   (define-fun L80 () String "option")   (define-fun sym195 () String "")   (define-fun sym591 () String "TYPE")   (define-fun sym150 () String "")   (define-fun sym313 () String "NAME")   (define-fun sym279 () String "")   (define-fun sym399 () String "")   (define-fun sym113 () String "DATABASE")   (define-fun sym475 () String "")   (define-fun sym353 () String "")   (define-fun sym671 () String "")   (define-fun sym519 () String "FIELD")   (define-fun sym715 () String "")   (define-fun sym635 () String "LENGTH")   (define-fun sym239 () String "NAME")   (define-fun sym557 () String "DESCRIPTION")   (define-fun sym581 () String "")   (define-fun sym185 () String "")   (define-fun sym225 () String "TABLE")   (define-fun sym389 () String "")   (define-fun sym465 () String "")   (define-fun sym661 () String "")   (define-fun sym264 () String "DESCRIPTION")   (define-fun sym509 () String "")   (define-fun sym705 () String "")   (define-fun sym429 () String "OPTION")   (define-fun sym625 () String "")   (define-fun sym547 () String "")   (define-fun sym20 () String "HTML")   (define-fun sym691 () String "OPTION")   (define-fun sym215 () String "")   (define-fun sym533 () String "NAME")   (define-fun sym455 () String "")   (define-fun sym499 () String "")   (define-fun sym135 () String "NAME")   (define-fun sym651 () String "")   (define-fun sym299 () String "FIELD")   (define-fun sym254 () String "")   (define-fun sym571 () String "")   (define-fun sym373 () String "TYPE")   (define-fun sym175 () String "")   (define-fun sym419 () String "")   (define-fun sym615 () String "")   (define-fun sym338 () String "DESCRIPTION")   (define-fun sym160 () String "DESCRIPTION")   (define-fun sym445 () String "")   (define-fun sym289 () String "")   (define-fun sym485 () String "OPTION")   (define-fun sym363 () String "")   (define-fun sym681 () String "")   (define-fun sym409 () String "")   (define-fun sym605 () String "")   (define-fun sym725 () String "")   (define-fun sym328 () String "")   (define-fun sym205 () String "")   (define-fun RegLan!270 () RegLan Alphabet) ) ,jxml2sql30.smt2: timeout ,
jxml2sql31.smt2; sat, 1: "HTML" 3: "" 5: "" 7: "" 9: "OPTION" 11: "" 13: "" 15: "" 17: "" 19: "LENGTH" 21: "" 23: "" 25: "" 27: "TYPE" 29: "" 31: "" 33: "DESCRIPTION" 35: "" 37: "NAME" 39: "FIELD" 41: "" 43: "" 45: "OPTION" 47: "" 49: "" 51: "" 53: "" 55: "OPTION" 57: "" 59: "" 61: "" 63: "" 65: "TYPE" 67: "" 69: "" 71: "DESCRIPTION" 73: "" 75: "NAME" 77: "FIELD" 79: "" 81: "" 83: "DESCRIPTION" 85: "" 87: "NAME" 89: "TABLE" 91: "" 93: "" 95: "" 97: "" 99: "" 101: "DESCRIPTION" 103: "" 105: "NAME" 107: "DATABASE" ,jxml2sql31.smt2: (error "Parse Error: benchmarks/not_smt/cvc5/real/jxml2sql31.smt2:115.32: Symbol 'str.toLower' not declared as a variable") ,,jxml2sql31.smt2: sat ,(model   (define-fun L27 () String "")   (define-fun L39 () String "type")   (define-fun L19 () String "option")   (define-fun L23 () String "description")   (define-fun L67 () String "")   (define-fun L106 () String "")   (define-fun L35 () String "")   (define-fun L47 () String "")   (define-fun L15 () String "")   (define-fun L59 () String "")   (define-fun L7 () String "")   (define-fun L63 () String "")   (define-fun L31 () String "")   (define-fun L43 () String "type")   (define-fun L11 () String "name")   (define-fun L55 () String "")   (define-fun L3 () String "database")   (define-fun L71 () String "field")   (define-fun L51 () String "")   (define-fun L102 () String "")   (define-fun L38 () String "table")   (define-fun L78 () String "")   (define-fun L46 () String "length")   (define-fun L14 () String "type")   (define-fun L58 () String "field")   (define-fun L8 () String "description")   (define-fun L86 () String "name")   (define-fun L98 () String "")   (define-fun L4 () String "")   (define-fun L82 () String "")   (define-fun L94 () String "")   (define-fun L0 () String "name")   (define-fun L90 () String "")   (define-fun L49 () String "")   (define-fun L17 () String "description")   (define-fun L29 () String "")   (define-fun L45 () String "")   (define-fun L13 () String "")   (define-fun L57 () String "field")   (define-fun L9 () String "")   (define-fun L25 () String "")   (define-fun L69 () String "")   (define-fun L104 () String "")   (define-fun L37 () String "table")   (define-fun L41 () String "")   (define-fun L53 () String "description")   (define-fun L21 () String "name")   (define-fun L65 () String "")   (define-fun L33 () String "")   (define-fun L1 () String "name")   (define-fun L61 () String "")   (define-fun L73 () String "")   (define-fun L100 () String "option")   (define-fun L96 () String "")   (define-fun L20 () String "option")   (define-fun L76 () String "")   (define-fun L6 () String "html")   (define-fun L88 () String "length")   (define-fun L92 () String "")   (define-fun L2 () String "database")   (define-fun L84 () String "description")   (define-fun L80 () String "option")   (define-fun sym195 () String "")   (define-fun sym591 () String "TYPE")   (define-fun sym150 () String "")   (define-fun sym313 () String "NAME")   (define-fun sym279 () String "")   (define-fun sym399 () String "")   (define-fun sym113 () String "DATABASE")   (define-fun sym475 () String "")   (define-fun sym353 () String "")   (define-fun sym671 () String "")   (define-fun sym519 () String "FIELD")   (define-fun sym715 () String "")   (define-fun sym635 () String "LENGTH")   (define-fun sym239 () String "NAME")   (define-fun sym557 () String "DESCRIPTION")   (define-fun sym581 () String "")   (define-fun sym185 () String "")   (define-fun sym225 () String "TABLE")   (define-fun sym389 () String "")   (define-fun sym465 () String "")   (define-fun sym661 () String "")   (define-fun sym264 () String "DESCRIPTION")   (define-fun sym509 () String "")   (define-fun sym705 () String "")   (define-fun sym429 () String "OPTION")   (define-fun sym625 () String "")   (define-fun sym547 () String "")   (define-fun sym20 () String "HTML")   (define-fun sym691 () String "OPTION")   (define-fun sym215 () String "")   (define-fun sym533 () String "NAME")   (define-fun sym455 () String "")   (define-fun sym499 () String "")   (define-fun sym135 () String "NAME")   (define-fun sym651 () String "")   (define-fun sym299 () String "FIELD")   (define-fun sym254 () String "")   (define-fun sym571 () String "")   (define-fun sym373 () String "TYPE")   (define-fun sym175 () String "")   (define-fun sym419 () String "")   (define-fun sym615 () String "")   (define-fun sym338 () String "DESCRIPTION")   (define-fun sym160 () String "DESCRIPTION")   (define-fun sym445 () String "")   (define-fun sym289 () String "")   (define-fun sym485 () String "OPTION")   (define-fun sym363 () String "")   (define-fun sym681 () String "")   (define-fun sym409 () String "")   (define-fun sym605 () String "")   (define-fun sym725 () String "")   (define-fun sym328 () String "")   (define-fun sym205 () String "")   (define-fun RegLan!270 () RegLan Alphabet) ) ,jxml2sql31.smt2: (error "out of memory") ,
jxml2sql32.smt2; sat, 1: "HTML" 3: "" 5: "" 7: "" 9: "OPTION" 11: "" 13: "" 15: "" 17: "" 19: "LENGTH" 21: "" 23: "" 25: "" 27: "TYPE" 29: "" 31: "" 33: "DESCRIPTION" 35: "" 37: "NAME" 39: "FIELD" 41: "" 43: "" 45: "OPTION" 47: "" 49: "" 51: "" 53: "" 55: "OPTION" 57: "" 59: "" 61: "" 63: "" 65: "TYPE" 67: "" 69: "" 71: "DESCRIPTION" 73: "" 75: "NAME" 77: "FIELD" 79: "" 81: "" 83: "DESCRIPTION" 85: "" 87: "NAME" 89: "TABLE" 91: "" 93: "" 95: "" 97: "" 99: "" 101: "DESCRIPTION" 103: "" 105: "NAME" 107: "DATABASE" ,jxml2sql32.smt2: (error "Parse Error: benchmarks/not_smt/cvc5/real/jxml2sql32.smt2:115.32: Symbol 'str.toLower' not declared as a variable") ,,jxml2sql32.smt2: sat ,(model   (define-fun L27 () String "")   (define-fun L39 () String "type")   (define-fun L19 () String "option")   (define-fun L23 () String "description")   (define-fun L67 () String "")   (define-fun L106 () String "")   (define-fun L35 () String "")   (define-fun L47 () String "")   (define-fun L15 () String "")   (define-fun L59 () String "")   (define-fun L7 () String "")   (define-fun L63 () String "")   (define-fun L31 () String "")   (define-fun L43 () String "type")   (define-fun L11 () String "name")   (define-fun L55 () String "")   (define-fun L3 () String "database")   (define-fun L71 () String "field")   (define-fun L51 () String "")   (define-fun L102 () String "")   (define-fun L38 () String "table")   (define-fun L78 () String "")   (define-fun L46 () String "length")   (define-fun L14 () String "type")   (define-fun L58 () String "field")   (define-fun L8 () String "description")   (define-fun L86 () String "name")   (define-fun L98 () String "")   (define-fun L4 () String "")   (define-fun L82 () String "")   (define-fun L94 () String "")   (define-fun L0 () String "name")   (define-fun L90 () String "")   (define-fun L49 () String "")   (define-fun L17 () String "description")   (define-fun L29 () String "")   (define-fun L45 () String "")   (define-fun L13 () String "")   (define-fun L57 () String "field")   (define-fun L9 () String "")   (define-fun L25 () String "")   (define-fun L69 () String "")   (define-fun L104 () String "")   (define-fun L37 () String "table")   (define-fun L41 () String "")   (define-fun L53 () String "description")   (define-fun L21 () String "name")   (define-fun L65 () String "")   (define-fun L33 () String "")   (define-fun L1 () String "name")   (define-fun L61 () String "")   (define-fun L73 () String "")   (define-fun L100 () String "option")   (define-fun L96 () String "")   (define-fun L20 () String "option")   (define-fun L76 () String "")   (define-fun L6 () String "html")   (define-fun L88 () String "length")   (define-fun L92 () String "")   (define-fun L2 () String "database")   (define-fun L84 () String "description")   (define-fun L80 () String "option")   (define-fun sym195 () String "")   (define-fun sym591 () String "TYPE")   (define-fun sym150 () String "")   (define-fun sym313 () String "NAME")   (define-fun sym279 () String "")   (define-fun sym399 () String "")   (define-fun sym113 () String "DATABASE")   (define-fun sym475 () String "")   (define-fun sym353 () String "")   (define-fun sym671 () String "")   (define-fun sym519 () String "FIELD")   (define-fun sym715 () String "")   (define-fun sym635 () String "LENGTH")   (define-fun sym239 () String "NAME")   (define-fun sym557 () String "DESCRIPTION")   (define-fun sym581 () String "")   (define-fun sym185 () String "")   (define-fun sym225 () String "TABLE")   (define-fun sym389 () String "")   (define-fun sym465 () String "")   (define-fun sym661 () String "")   (define-fun sym264 () String "DESCRIPTION")   (define-fun sym509 () String "")   (define-fun sym705 () String "")   (define-fun sym429 () String "OPTION")   (define-fun sym625 () String "")   (define-fun sym547 () String "")   (define-fun sym20 () String "HTML")   (define-fun sym691 () String "OPTION")   (define-fun sym215 () String "")   (define-fun sym533 () String "NAME")   (define-fun sym455 () String "")   (define-fun sym499 () String "")   (define-fun sym135 () String "NAME")   (define-fun sym651 () String "")   (define-fun sym299 () String "FIELD")   (define-fun sym254 () String "")   (define-fun sym571 () String "")   (define-fun sym373 () String "TYPE")   (define-fun sym175 () String "")   (define-fun sym419 () String "")   (define-fun sym615 () String "")   (define-fun sym338 () String "DESCRIPTION")   (define-fun sym160 () String "DESCRIPTION")   (define-fun sym445 () String "")   (define-fun sym289 () String "")   (define-fun sym485 () String "OPTION")   (define-fun sym363 () String "")   (define-fun sym681 () String "")   (define-fun sym409 () String "")   (define-fun sym605 () String "")   (define-fun sym725 () String "")   (define-fun sym328 () String "")   (define-fun sym205 () String "")   (define-fun RegLan!270 () RegLan Alphabet) ) ,jxml2sql32.smt2: timeout ,
jxml2sql33.smt2; sat, 1: "HTML" 3: "" 5: "" 7: "" 9: "OPTION" 11: "" 13: "" 15: "" 17: "" 19: "LENGTH" 21: "" 23: "" 25: "" 27: "TYPE" 29: "" 31: "" 33: "DESCRIPTION" 35: "" 37: "NAME" 39: "FIELD" 41: "" 43: "" 45: "OPTION" 47: "" 49: "" 51: "" 53: "" 55: "OPTION" 57: "" 59: "" 61: "" 63: "" 65: "TYPE" 67: "" 69: "" 71: "DESCRIPTION" 73: "" 75: "NAME" 77: "FIELD" 79: "" 81: "" 83: "DESCRIPTION" 85: "" 87: "NAME" 89: "TABLE" 91: "" 93: "" 95: "" 97: "" 99: "" 101: "DESCRIPTION" 103: "" 105: "NAME" 107: "DATABASE" ,jxml2sql33.smt2: (error "Parse Error: benchmarks/not_smt/cvc5/real/jxml2sql33.smt2:115.32: Symbol 'str.toLower' not declared as a variable") ,,jxml2sql33.smt2: sat ,(model   (define-fun L27 () String "")   (define-fun L39 () String "type")   (define-fun L19 () String "option")   (define-fun L23 () String "description")   (define-fun L67 () String "")   (define-fun L106 () String "")   (define-fun L35 () String "")   (define-fun L47 () String "")   (define-fun L15 () String "")   (define-fun L59 () String "")   (define-fun L7 () String "")   (define-fun L63 () String "")   (define-fun L31 () String "")   (define-fun L43 () String "type")   (define-fun L11 () String "name")   (define-fun L55 () String "")   (define-fun L3 () String "database")   (define-fun L71 () String "field")   (define-fun L51 () String "")   (define-fun L102 () String "")   (define-fun L38 () String "table")   (define-fun L78 () String "")   (define-fun L46 () String "length")   (define-fun L14 () String "type")   (define-fun L58 () String "field")   (define-fun L8 () String "description")   (define-fun L86 () String "name")   (define-fun L98 () String "")   (define-fun L4 () String "")   (define-fun L82 () String "")   (define-fun L94 () String "")   (define-fun L0 () String "name")   (define-fun L90 () String "")   (define-fun L49 () String "")   (define-fun L17 () String "description")   (define-fun L29 () String "")   (define-fun L45 () String "")   (define-fun L13 () String "")   (define-fun L57 () String "field")   (define-fun L9 () String "")   (define-fun L25 () String "")   (define-fun L69 () String "")   (define-fun L104 () String "")   (define-fun L37 () String "table")   (define-fun L41 () String "")   (define-fun L53 () String "description")   (define-fun L21 () String "name")   (define-fun L65 () String "")   (define-fun L33 () String "")   (define-fun L1 () String "name")   (define-fun L61 () String "")   (define-fun L73 () String "")   (define-fun L100 () String "option")   (define-fun L96 () String "")   (define-fun L20 () String "option")   (define-fun L76 () String "")   (define-fun L6 () String "html")   (define-fun L88 () String "length")   (define-fun L92 () String "")   (define-fun L2 () String "database")   (define-fun L84 () String "description")   (define-fun L80 () String "option")   (define-fun sym195 () String "")   (define-fun sym591 () String "TYPE")   (define-fun sym150 () String "")   (define-fun sym313 () String "NAME")   (define-fun sym279 () String "")   (define-fun sym399 () String "")   (define-fun sym113 () String "DATABASE")   (define-fun sym475 () String "")   (define-fun sym353 () String "")   (define-fun sym671 () String "")   (define-fun sym519 () String "FIELD")   (define-fun sym715 () String "")   (define-fun sym635 () String "LENGTH")   (define-fun sym239 () String "NAME")   (define-fun sym557 () String "DESCRIPTION")   (define-fun sym581 () String "")   (define-fun sym185 () String "")   (define-fun sym225 () String "TABLE")   (define-fun sym389 () String "")   (define-fun sym465 () String "")   (define-fun sym661 () String "")   (define-fun sym264 () String "DESCRIPTION")   (define-fun sym509 () String "")   (define-fun sym705 () String "")   (define-fun sym429 () String "OPTION")   (define-fun sym625 () String "")   (define-fun sym547 () String "")   (define-fun sym20 () String "HTML")   (define-fun sym691 () String "OPTION")   (define-fun sym215 () String "")   (define-fun sym533 () String "NAME")   (define-fun sym455 () String "")   (define-fun sym499 () String "")   (define-fun sym135 () String "NAME")   (define-fun sym651 () String "")   (define-fun sym299 () String "FIELD")   (define-fun sym254 () String "")   (define-fun sym571 () String "")   (define-fun sym373 () String "TYPE")   (define-fun sym175 () String "")   (define-fun sym419 () String "")   (define-fun sym615 () String "")   (define-fun sym338 () String "DESCRIPTION")   (define-fun sym160 () String "DESCRIPTION")   (define-fun sym445 () String "")   (define-fun sym289 () String "")   (define-fun sym485 () String "OPTION")   (define-fun sym363 () String "")   (define-fun sym681 () String "")   (define-fun sym409 () String "")   (define-fun sym605 () String "")   (define-fun sym725 () String "")   (define-fun sym328 () String "")   (define-fun sym205 () String "")   (define-fun RegLan!270 () RegLan Alphabet) ) ,jxml2sql33.smt2: timeout ,
jxml2sql34.smt2; sat, 1: "HTML" 3: "" 5: "" 7: "" 9: "OPTION" 11: "" 13: "" 15: "" 17: "" 19: "LENGTH" 21: "" 23: "" 25: "" 27: "TYPE" 29: "" 31: "" 33: "DESCRIPTION" 35: "" 37: "NAME" 39: "FIELD" 41: "" 43: "" 45: "OPTION" 47: "" 49: "" 51: "" 53: "" 55: "OPTION" 57: "" 59: "" 61: "" 63: "" 65: "TYPE" 67: "" 69: "" 71: "DESCRIPTION" 73: "" 75: "NAME" 77: "FIELD" 79: "" 81: "" 83: "DESCRIPTION" 85: "" 87: "NAME" 89: "TABLE" 91: "" 93: "" 95: "" 97: "" 99: "" 101: "DESCRIPTION" 103: "" 105: "NAME" 107: "DATABASE" ,jxml2sql34.smt2: (error "Parse Error: benchmarks/not_smt/cvc5/real/jxml2sql34.smt2:115.32: Symbol 'str.toLower' not declared as a variable") ,,jxml2sql34.smt2: sat ,(model   (define-fun L27 () String "")   (define-fun L39 () String "type")   (define-fun L19 () String "option")   (define-fun L23 () String "description")   (define-fun L67 () String "")   (define-fun L106 () String "")   (define-fun L35 () String "")   (define-fun L47 () String "")   (define-fun L15 () String "")   (define-fun L59 () String "")   (define-fun L7 () String "")   (define-fun L63 () String "")   (define-fun L31 () String "")   (define-fun L43 () String "type")   (define-fun L11 () String "name")   (define-fun L55 () String "")   (define-fun L3 () String "database")   (define-fun L71 () String "field")   (define-fun L51 () String "")   (define-fun L102 () String "")   (define-fun L38 () String "table")   (define-fun L78 () String "")   (define-fun L46 () String "length")   (define-fun L14 () String "type")   (define-fun L58 () String "field")   (define-fun L8 () String "description")   (define-fun L86 () String "name")   (define-fun L98 () String "")   (define-fun L4 () String "")   (define-fun L82 () String "")   (define-fun L94 () String "")   (define-fun L0 () String "name")   (define-fun L90 () String "")   (define-fun L49 () String "")   (define-fun L17 () String "description")   (define-fun L29 () String "")   (define-fun L45 () String "")   (define-fun L13 () String "")   (define-fun L57 () String "field")   (define-fun L9 () String "")   (define-fun L25 () String "")   (define-fun L69 () String "")   (define-fun L104 () String "")   (define-fun L37 () String "table")   (define-fun L41 () String "")   (define-fun L53 () String "description")   (define-fun L21 () String "name")   (define-fun L65 () String "")   (define-fun L33 () String "")   (define-fun L1 () String "name")   (define-fun L61 () String "")   (define-fun L73 () String "")   (define-fun L100 () String "option")   (define-fun L96 () String "")   (define-fun L20 () String "option")   (define-fun L76 () String "")   (define-fun L6 () String "html")   (define-fun L88 () String "length")   (define-fun L92 () String "")   (define-fun L2 () String "database")   (define-fun L84 () String "description")   (define-fun L80 () String "option")   (define-fun sym195 () String "")   (define-fun sym591 () String "TYPE")   (define-fun sym150 () String "")   (define-fun sym313 () String "NAME")   (define-fun sym279 () String "")   (define-fun sym399 () String "")   (define-fun sym113 () String "DATABASE")   (define-fun sym475 () String "")   (define-fun sym353 () String "")   (define-fun sym671 () String "")   (define-fun sym519 () String "FIELD")   (define-fun sym715 () String "")   (define-fun sym635 () String "LENGTH")   (define-fun sym239 () String "NAME")   (define-fun sym557 () String "DESCRIPTION")   (define-fun sym581 () String "")   (define-fun sym185 () String "")   (define-fun sym225 () String "TABLE")   (define-fun sym389 () String "")   (define-fun sym465 () String "")   (define-fun sym661 () String "")   (define-fun sym264 () String "DESCRIPTION")   (define-fun sym509 () String "")   (define-fun sym705 () String "")   (define-fun sym429 () String "OPTION")   (define-fun sym625 () String "")   (define-fun sym547 () String "")   (define-fun sym20 () String "HTML")   (define-fun sym691 () String "OPTION")   (define-fun sym215 () String "")   (define-fun sym533 () String "NAME")   (define-fun sym455 () String "")   (define-fun sym499 () String "")   (define-fun sym135 () String "NAME")   (define-fun sym651 () String "")   (define-fun sym299 () String "FIELD")   (define-fun sym254 () String "")   (define-fun sym571 () String "")   (define-fun sym373 () String "TYPE")   (define-fun sym175 () String "")   (define-fun sym419 () String "")   (define-fun sym615 () String "")   (define-fun sym338 () String "DESCRIPTION")   (define-fun sym160 () String "DESCRIPTION")   (define-fun sym445 () String "")   (define-fun sym289 () String "")   (define-fun sym485 () String "OPTION")   (define-fun sym363 () String "")   (define-fun sym681 () String "")   (define-fun sym409 () String "")   (define-fun sym605 () String "")   (define-fun sym725 () String "")   (define-fun sym328 () String "")   (define-fun sym205 () String "")   (define-fun RegLan!270 () RegLan Alphabet) ) ,jxml2sql34.smt2: timeout ,
mathParser01.smt2; timeout ,mathParser01.smt2: (error "Parse Error: benchmarks/not_smt/cvc5/real/mathParser01.smt2:767.316: expecting a string-like term in replace") ,,mathParser01.smt2: (error "str_replaceall cannot be applied to arguments of type SMTBool, String, String") ,,mathParser01.smt2: (error "line 767 column 315: Sort of polymorphic function 'str.replace_all' does not match the declared type.  ,Given domain: Bool String String  Expected domain: (Seq k!0) (Seq k!0) (Seq k!0) ") (error "line 768 column 319: Sort of polymorphic function 'str.replace_all' does not match the declared type.  Given domain: Bool String String  Expected domain: (Seq k!0) (Seq k!0) (Seq k!0) ") (error "line 769 column 319: Sort of polymorphic function 'str.replace_all' does not match the declared type.  Given domain: Bool String String  Expected domain: (Seq k!0) (Seq k!0) (Seq k!0) ") (error "line 770 column 320: Sort of polymorphic function 'str.replace_all' does not match the declared type.  Given domain: Bool String String  Expected domain: (Seq k!0) (Seq k!0) (Seq k!0) ") (error "line 773 column 315: Sort of polymorphic function 'str.replace_all' does not match the declared type.  Given domain: Bool String String  Expected domain: (Seq k!0) (Seq k!0) (Seq k!0) ") (error "line 776 column 320: Sort of polymorphic function 'str.replace_all' does not match the declared type.  Given domain: Bool String String  Expected domain: (Seq k!0) (Seq k!0) (Seq k!0) ") (error "line 777 column 320: Sort of polymorphic function 'str.replace_all' does not match the declared type.  Given domain: Bool String String  Expected domain: (Seq k!0) (Seq k!0) (Seq k!0) ") (error "line 778 column 320: Sort of polymorphic function 'str.replace_all' does not match the declared type.  Given domain: Bool String String  Expected domain: (Seq k!0) (Seq k!0) (Seq k!0) ") (error "line 782 column 315: Sort of polymorphic function 'str.replace_all' does not match the declared type.  Given domain: Bool String String  Expected domain: (Seq k!0) (Seq k!0) (Seq k!0) ") (error "line 784 column 315: Sort of polymorphic function 'str.replace_all' does not match the declared type.  Given domain: Bool String String  Expected domain: (Seq k!0) (Seq k!0) (Seq k!0) ") (error "line 797 column 320: Sort of polymorphic function 'str.replace_all' does not match the declared type.  Given domain: Bool String String  Expected domain: (Seq k!0) (Seq k!0) (Seq k!0) ") (error "line 801 column 320: Sort of polymorphic function 'str.replace_all' does not match the declared type.  Given domain: Bool String String  Expected domain: (Seq k!0) (Seq k!0) (Seq k!0) ") (error "line 803 column 320: Sort of polymorphic function 'str.replace_all' does not match the declared type.  Given domain: Bool String String  Expected domain: (Seq k!0) (Seq k!0) (Seq k!0) ") (error "line 806 column 320: Sort of polymorphic function 'str.replace_all' does not match the declared type.  Given domain: Bool String String  Expected domain: (Seq k!0) (Seq k!0) (Seq k!0) ") (error "line 810 column 315: Sort of polymorphic function 'str.replace_all' does not match the declared type.  Given domain: Bool String String  Expected domain: (Seq k!0) (Seq k!0) (Seq k!0) ") (error "line 811 column 320: Sort of polymorphic function 'str.replace_all' does not match the declared type.  Given domain: Bool String String  Expected domain: (Seq k!0) (Seq k!0) (Seq k!0) ") (error "line 813 column 320: Sort of polymorphic function 'str.replace_all' does not match the declared type.  Given domain: Bool String String  Expected domain: (Seq k!0) (Seq k!0) (Seq k!0) ") (error "line 817 column 314: Sort of polymorphic function 'str.replace_all' does not match the declared type.  Given domain: Bool String String  Expected domain: (Seq k!0) (Seq k!0) (Seq k!0) ") (error "line 822 column 320: Sort of polymorphic function 'str.replace_all' does not match the declared type.  Given domain: Bool String String  Expected domain: (Seq k!0) (Seq k!0) (Seq k!0) ") (error "line 825 column 315: Sort of polymorphic function 'str.replace_all' does not match the declared type.  Given domain: Bool String String  Expected domain: (Seq k!0) (Seq k!0) (Seq k!0) ") (error "line 826 column 320: Sort of polymorphic function 'str.replace_all' does not match the declared type.  Given domain: Bool String String  Expected domain: (Seq k!0) (Seq k!0) (Seq k!0) ") (error "line 827 column 316: Sort of polymorphic function 'str.replace_all' does not match the declared type.  Given domain: Bool String String  Expected domain: (Seq k!0) (Seq k!0) (Seq k!0) ") (error "line 830 column 320: Sort of polymorphic function 'str.replace_all' does not match the declared type.  Given domain: Bool String String  Expected domain: (Seq k!0) (Seq k!0) (Seq k!0) ") (error "line 831 column 315: Sort of polymorphic function 'str.replace_all' does not match the declared type.  Given domain: Bool String String  Expected domain: (Seq k!0) (Seq k!0) (Seq k!0) ") (error "line 837 column 320: Sort of polymorphic function 'str.replace_all' does not match the declared type.  Given domain: Bool String String  Expected domain: (Seq k!0) (Seq k!0) (Seq k!0) ") (error "line 842 column 320: Sort of polymorphic function 'str.replace_all' does not match the declared type.  Given domain: Bool String String  Expected domain: (Seq k!0) (Seq k!0) (Seq k!0) ") (error "line 845 column 319: Sort of polymorphic function 'str.replace_all' does not match the declared type.  Given domain: Bool String String  Expected domain: (Seq k!0) (Seq k!0) (Seq k!0) ") (error "line 846 column 320: Sort of polymorphic function 'str.replace_all' does not match the declared type.  Given domain: Bool String String  Expected domain: (Seq k!0) (Seq k!0) (Seq k!0) ") (error "line 858 column 320: Sort of polymorphic function 'str.replace_all' does not match the declared type.  Given domain: Bool String String  Expected domain: (Seq k!0) (Seq k!0) (Seq k!0) ") (error "line 861 column 320: Sort of polymorphic function 'str.replace_all' does not match the declared type.  Given domain: Bool String String  Expected domain: (Seq k!0) (Seq k!0) (Seq k!0) ") (error "line 874 column 320: Sort of polymorphic function 'str.replace_all' does not match the declared type.  Given domain: Bool String String  Expected domain: (Seq k!0) (Seq k!0) (Seq k!0) ") (error "line 875 column 320: Sort of polymorphic function 'str.replace_all' does not match the declared type.  Given domain: Bool String String  Expected domain: (Seq k!0) (Seq k!0) (Seq k!0) ") (error "line 878 column 319: Sort of polymorphic function 'str.replace_all' does not match the declared type.  Given domain: Bool String String  Expected domain: (Seq k!0) (Seq k!0) (Seq k!0) ") (error "line 879 column 320: Sort of polymorphic function 'str.replace_all' does not match the declared type.  Given domain: Bool String String  Expected domain: (Seq k!0) (Seq k!0) (Seq k!0) ") (error "line 881 column 320: Sort of polymorphic function 'str.replace_all' does not match the declared type.  Given domain: Bool String String  Expected domain: (Seq k!0) (Seq k!0) (Seq k!0) ") (error "line 891 column 320: Sort of polymorphic function 'str.replace_all' does not match the declared type.  Given domain: Bool String String  Expected domain: (Seq k!0) (Seq k!0) (Seq k!0) ") (error "line 900 column 320: Sort of polymorphic function 'str.replace_all' does not match the declared type.  Given domain: Bool String String  Expected domain: (Seq k!0) (Seq k!0) (Seq k!0) ") (error "line 901 column 311: Sort of polymorphic function 'str.replace_all' does not match the declared type.  Given domain: Bool String String  Expected domain: (Seq k!0) (Seq k!0) (Seq k!0) ") (error "line 905 column 314: Sort of polymorphic function 'str.replace_all' does not match the declared type.  Given domain: Bool String String  Expected domain: (Seq k!0) (Seq k!0) (Seq k!0) ") (error "line 914 column 320: Sort of polymorphic function 'str.replace_all' does not match the declared type.  Given domain: Bool String String  Expected domain: (Seq k!0) (Seq k!0) (Seq k!0) ") (error "line 919 column 320: Sort of polymorphic function 'str.replace_all' does not match the declared type.  Given domain: Bool String String  Expected domain: (Seq k!0) (Seq k!0) (Seq k!0) ") (error "line 922 column 319: Sort of polymorphic function 'str.replace_all' does not match the declared type.  Given domain: Bool String String  Expected domain: (Seq k!0) (Seq k!0) (Seq k!0) ") (error "line 923 column 319: Sort of polymorphic function 'str.replace_all' does not match the declared type.  Given domain: Bool String String  Expected domain: (Seq k!0) (Seq k!0) (Seq k!0) ") (error "line 924 column 320: Sort of polymorphic function 'str.replace_all' does not match the declared type.  Given domain: Bool String String  Expected domain: (Seq k!0) (Seq k!0) (Seq k!0) ") (error "line 926 column 320: Sort of polymorphic function 'str.replace_all' does not match the declared type.  Given domain: Bool String String  Expected domain: (Seq k!0) (Seq k!0) (Seq k!0) ") (error "line 936 column 320: Sort of polymorphic function 'str.replace_all' does not match the declared type.  Given domain: Bool String String  Expected domain: (Seq k!0) (Seq k!0) (Seq k!0) ") (error "line 941 column 320: Sort of polymorphic function 'str.replace_all' does not match the declared type.  Given domain: Bool String String  Expected domain: (Seq k!0) (Seq k!0) (Seq k!0) ") (error "line 943 column 319: Sort of polymorphic function 'str.replace_all' does not match the declared type.  Given domain: Bool String String  Expected domain: (Seq k!0) (Seq k!0) (Seq k!0) ") (error "line 944 column 311: Sort of polymorphic function 'str.replace_all' does not match the declared type.  Given domain: Bool String String  Expected domain: (Seq k!0) (Seq k!0) (Seq k!0) ") (error "line 945 column 320: Sort of polymorphic function 'str.replace_all' does not match the declared type.  Given domain: Bool String String  Expected domain: (Seq k!0) (Seq k!0) (Seq k!0) ") (error "line 947 column 319: Sort of polymorphic function 'str.replace_all' does not match the declared type.  Given domain: Bool String String  Expected domain: (Seq k!0) (Seq k!0) (Seq k!0) ") (error "line 948 column 316: Sort of polymorphic function 'str.replace_all' does not match the declared type.  Given domain: Bool String String  Expected domain: (Seq k!0) (Seq k!0) (Seq k!0) ") (error "line 960 column 320: Sort of polymorphic function 'str.replace_all' does not match the declared type.  Given domain: Bool String String  Expected domain: (Seq k!0) (Seq k!0) (Seq k!0) ") (error "line 967 column 315: Sort of polymorphic function 'str.replace_all' does not match the declared type.  Given domain: Bool String String  Expected domain: (Seq k!0) (Seq k!0) (Seq k!0) ") (error "line 970 column 320: Sort of polymorphic function 'str.replace_all' does not match the declared type.  Given domain: Bool String String  Expected domain: (Seq k!0) (Seq k!0) (Seq k!0) ") (error "line 976 column 320: Sort of polymorphic function 'str.replace_all' does not match the declared type.  Given domain: Bool String String  Expected domain: (Seq k!0) (Seq k!0) (Seq k!0) ") (error "line 977 column 316: Sort of polymorphic function 'str.replace_all' does not match the declared type.  Given domain: Bool String String  Expected domain: (Seq k!0) (Seq k!0) (Seq k!0) ") (error "line 982 column 320: Sort of polymorphic function 'str.replace_all' does not match the declared type.  Given domain: Bool String String  Expected domain: (Seq k!0) (Seq k!0) (Seq k!0) ") (error "line 988 column 320: Sort of polymorphic function 'str.replace_all' does not match the declared type.  Given domain: Bool String String  Expected domain: (Seq k!0) (Seq k!0) (Seq k!0) ") (error "line 997 column 320: Sort of polymorphic function 'str.replace_all' does not match the declared type.  Given domain: Bool String String  Expected domain: (Seq k!0) (Seq k!0) (Seq k!0) ") (error "line 999 column 320: Sort of polymorphic function 'str.replace_all' does not match the declared type.  Given domain: Bool String String  Expected domain: (Seq k!0) (Seq k!0) (Seq k!0) ") (error "line 1003 column 316: Sort of polymorphic function 'str.replace_all' does not match the declared type.  Given domain: Bool String String  Expected domain: (Seq k!0) (Seq k!0) (Seq k!0) ") (error "line 1007 column 315: Sort of polymorphic function 'str.replace_all' does not match the declared type.  Given domain: Bool String String  Expected domain: (Seq k!0) (Seq k!0) (Seq k!0) ") (error "line 1009 column 320: Sort of polymorphic function 'str.replace_all' does not match the declared type.  Given domain: Bool String String  Expected domain: (Seq k!0) (Seq k!0) (Seq k!0) ") (error "line 1013 column 320: Sort of polymorphic function 'str.replace_all' does not match the declared type.  Given domain: Bool String String  Expected domain: (Seq k!0) (Seq k!0) (Seq k!0) ") (error "line 1014 column 314: Sort of polymorphic function 'str.replace_all' does not match the declared type.  Given domain: Bool String String  Expected domain: (Seq k!0) (Seq k!0) (Seq k!0) ") (error "line 1017 column 316: Sort of polymorphic function 'str.replace_all' does not match the declared type.  Given domain: Bool String String  Expected domain: (Seq k!0) (Seq k!0) (Seq k!0) ") (error "line 1018 column 320: Sort of polymorphic function 'str.replace_all' does not match the declared type.  Given domain: Bool String String  Expected domain: (Seq k!0) (Seq k!0) (Seq k!0) ") (error "line 1019 column 319: Sort of polymorphic function 'str.replace_all' does not match the declared type.  Given domain: Bool String String  Expected domain: (Seq k!0) (Seq k!0) (Seq k!0) ") (error "line 1032 column 320: Sort of polymorphic function 'str.replace_all' does not match the declared type.  Given domain: Bool String String  Expected domain: (Seq k!0) (Seq k!0) (Seq k!0) ") (error "line 1033 column 320: Sort of polymorphic function 'str.replace_all' does not match the declared type.  Given domain: Bool String String  Expected domain: (Seq k!0) (Seq k!0) (Seq k!0) ") (error "line 1037 column 320: Sort of polymorphic function 'str.replace_all' does not match the declared type.  Given domain: Bool String String  Expected domain: (Seq k!0) (Seq k!0) (Seq k!0) ") (error "line 1040 column 319: Sort of polymorphic function 'str.replace_all' does not match the declared type.  Given domain: Bool String String  Expected domain: (Seq k!0) (Seq k!0) (Seq k!0) ") (error "line 1041 column 320: Sort of polymorphic function 'str.replace_all' does not match the declared type.  Given domain: Bool String String  Expected domain: (Seq k!0) (Seq k!0) (Seq k!0) ") (error "line 1048 column 319: Sort of polymorphic function 'str.replace_all' does not match the declared type.  Given domain: Bool String String  Expected domain: (Seq k!0) (Seq k!0) (Seq k!0) ") (error "line 1065 column 311: Sort of polymorphic function 'str.replace_all' does not match the declared type.  Given domain: Bool String String  Expected domain: (Seq k!0) (Seq k!0) (Seq k!0) ") (error "line 1077 column 320: Sort of polymorphic function 'str.replace_all' does not match the declared type.  Given domain: Bool String String  Expected domain: (Seq k!0) (Seq k!0) (Seq k!0) ") (error "line 1083 column 320: Sort of polymorphic function 'str.replace_all' does not match the declared type.  Given domain: Bool String String  Expected domain: (Seq k!0) (Seq k!0) (Seq k!0) ") (error "line 1089 column 315: Sort of polymorphic function 'str.replace_all' does not match the declared type.  Given domain: Bool String String  Expected domain: (Seq k!0) (Seq k!0) (Seq k!0) ") (error "line 1090 column 315: Sort of polymorphic function 'str.replace_all' does not match the declared type.  Given domain: Bool String String  Expected domain: (Seq k!0) (Seq k!0) (Seq k!0) ") (error "line 1104 column 319: Sort of polymorphic function 'str.replace_all' does not match the declared type.  Given domain: Bool String String  Expected domain: (Seq k!0) (Seq k!0) (Seq k!0) ") (error "line 1106 column 319: Sort of polymorphic function 'str.replace_all' does not match the declared type.  Given domain: Bool String String  Expected domain: (Seq k!0) (Seq k!0) (Seq k!0) ") (error "line 1109 column 320: Sort of polymorphic function 'str.replace_all' does not match the declared type.  Given domain: Bool String String  Expected domain: (Seq k!0) (Seq k!0) (Seq k!0) ") (error "line 1112 column 319: Sort of polymorphic function 'str.replace_all' does not match the declared type.  Given domain: Bool String String  Expected domain: (Seq k!0) (Seq k!0) (Seq k!0) ") (error "line 1113 column 315: Sort of polymorphic function 'str.replace_all' does not match the declared type.  Given domain: Bool String String  Expected domain: (Seq k!0) (Seq k!0) (Seq k!0) ") (error "line 1115 column 315: Sort of polymorphic function 'str.replace_all' does not match the declared type.  Given domain: Bool String String  Expected domain: (Seq k!0) (Seq k!0) (Seq k!0) ") (error "line 1117 column 320: Sort of polymorphic function 'str.replace_all' does not match the declared type.  Given domain: Bool String String  Expected domain: (Seq k!0) (Seq k!0) (Seq k!0) ") (error "line 1118 column 320: Sort of polymorphic function 'str.replace_all' does not match the declared type.  Given domain: Bool String String  Expected domain: (Seq k!0) (Seq k!0) (Seq k!0) ") (error "line 1121 column 319: Sort of polymorphic function 'str.replace_all' does not match the declared type.  Given domain: Bool String String  Expected domain: (Seq k!0) (Seq k!0) (Seq k!0) ") (error "line 1122 column 319: Sort of polymorphic function 'str.replace_all' does not match the declared type.  Given domain: Bool String String  Expected domain: (Seq k!0) (Seq k!0) (Seq k!0) ") (error "line 1125 column 319: Sort of polymorphic function 'str.replace_all' does not match the declared type.  Given domain: Bool String String  Expected domain: (Seq k!0) (Seq k!0) (Seq k!0) ") (error "line 1132 column 315: Sort of polymorphic function 'str.replace_all' does not match the declared type.  Given domain: Bool String String  Expected domain: (Seq k!0) (Seq k!0) (Seq k!0) ") (error "line 1142 column 320: Sort of polymorphic function 'str.replace_all' does not match the declared type.  Given domain: Bool String String  Expected domain: (Seq k!0) (Seq k!0) (Seq k!0) ") (error "line 1145 column 320: Sort of polymorphic function 'str.replace_all' does not match the declared type.  Given domain: Bool String String  Expected domain: (Seq k!0) (Seq k!0) (Seq k!0) ") (error "line 1148 column 316: Sort of polymorphic function 'str.replace_all' does not match the declared type.  Given domain: Bool String String  Expected domain: (Seq k!0) (Seq k!0) (Seq k!0) ") (error "line 1150 column 320: Sort of polymorphic function 'str.replace_all' does not match the declared type.  Given domain: Bool String String  Expected domain: (Seq k!0) (Seq k!0) (Seq k!0) ") (error "line 1151 column 316: Sort of polymorphic function 'str.replace_all' does not match the declared type.  Given domain: Bool String String  Expected domain: (Seq k!0) (Seq k!0) (Seq k!0) ") (error "line 1154 column 320: Sort of polymorphic function 'str.replace_all' does not match the declared type.  Given domain: Bool String String  Expected domain: (Seq k!0) (Seq k!0) (Seq k!0) ") (error "line 1156 column 319: Sort of polymorphic function 'str.replace_all' does not match the declared type.  Given domain: Bool String String  Expected domain: (Seq k!0) (Seq k!0) (Seq k!0) ") (error "line 1159 column 319: Sort of polymorphic function 'str.replace_all' does not match the declared type.  Given domain: Bool String String  Expected domain: (Seq k!0) (Seq k!0) (Seq k!0) ") (error "line 1160 column 320: Sort of polymorphic function 'str.replace_all' does not match the declared type.  Given domain: Bool String String  Expected domain: (Seq k!0) (Seq k!0) (Seq k!0) ") (error "line 1161 column 316: Sort of polymorphic function 'str.replace_all' does not match the declared type.  Given domain: Bool String String  Expected domain: (Seq k!0) (Seq k!0) (Seq k!0) ") (error "line 1166 column 320: Sort of polymorphic function 'str.replace_all' does not match the declared type.  Given domain: Bool String String  Expected domain: (Seq k!0) (Seq k!0) (Seq k!0) ") (error "line 1171 column 320: Sort of polymorphic function 'str.replace_all' does not match the declared type.  Given domain: Bool String String  Expected domain: (Seq k!0) (Seq k!0) (Seq k!0) ") (error "line 1176 column 319: Sort of polymorphic function 'str.replace_all' does not match the declared type.  Given domain: Bool String String  Expected domain: (Seq k!0) (Seq k!0) (Seq k!0) ") (error "line 1184 column 314: Sort of polymorphic function 'str.replace_all' does not match the declared type.  Given domain: Bool String String  Expected domain: (Seq k!0) (Seq k!0) (Seq k!0) ") (error "line 1187 column 316: Sort of polymorphic function 'str.replace_all' does not match the declared type.  Given domain: Bool String String  Expected domain: (Seq k!0) (Seq k!0) (Seq k!0) ") (error "line 1189 column 319: Sort of polymorphic function 'str.replace_all' does not match the declared type.  Given domain: Bool String String  Expected domain: (Seq k!0) (Seq k!0) (Seq k!0) ") (error "line 1192 column 319: Sort of polymorphic function 'str.replace_all' does not match the declared type.  Given domain: Bool String String  Expected domain: (Seq k!0) (Seq k!0) (Seq k!0) ") (error "line 1208 column 320: Sort of polymorphic function 'str.replace_all' does not match the declared type.  Given domain: Bool String String  Expected domain: (Seq k!0) (Seq k!0) (Seq k!0) ") (error "line 1220 column 315: Sort of polymorphic function 'str.replace_all' does not match the declared type.  Given domain: Bool String String  Expected domain: (Seq k!0) (Seq k!0) (Seq k!0) ") (error "line 1222 column 319: Sort of polymorphic function 'str.replace_all' does not match the declared type.  Given domain: Bool String String  Expected domain: (Seq k!0) (Seq k!0) (Seq k!0) ") (error "line 1227 column 320: Sort of polymorphic function 'str.replace_all' does not match the declared type.  Given domain: Bool String String  Expected domain: (Seq k!0) (Seq k!0) (Seq k!0) ") (error "line 1228 column 311: Sort of polymorphic function 'str.replace_all' does not match the declared type.  Given domain: Bool String String  Expected domain: (Seq k!0) (Seq k!0) (Seq k!0) ") (error "line 1229 column 315: Sort of polymorphic function 'str.replace_all' does not match the declared type.  Given domain: Bool String String  Expected domain: (Seq k!0) (Seq k!0) (Seq k!0) ") (error "line 1235 column 315: Sort of polymorphic function 'str.replace_all' does not match the declared type.  Given domain: Bool String String  Expected domain: (Seq k!0) (Seq k!0) (Seq k!0) ") (error "line 1238 column 316: Sort of polymorphic function 'str.replace_all' does not match the declared type.  Given domain: Bool String String  Expected domain: (Seq k!0) (Seq k!0) (Seq k!0) ") (error "line 1241 column 315: Sort of polymorphic function 'str.replace_all' does not match the declared type.  Given domain: Bool String String  Expected domain: (Seq k!0) (Seq k!0) (Seq k!0) ") (error "line 1242 column 315: Sort of polymorphic function 'str.replace_all' does not match the declared type.  Given domain: Bool String String  Expected domain: (Seq k!0) (Seq k!0) (Seq k!0) ") (error "line 1243 column 320: Sort of polymorphic function 'str.replace_all' does not match the declared type.  Given domain: Bool String String  Expected domain: (Seq k!0) (Seq k!0) (Seq k!0) ") (error "line 1244 column 320: Sort of polymorphic function 'str.replace_all' does not match the declared type.  Given domain: Bool String String  Expected domain: (Seq k!0) (Seq k!0) (Seq k!0) ") (error "line 1245 column 319: Sort of polymorphic function 'str.replace_all' does not match the declared type.  Given domain: Bool String String  Expected domain: (Seq k!0) (Seq k!0) (Seq k!0) ") (error "line 1249 column 320: Sort of polymorphic function 'str.replace_all' does not match the declared type.  Given domain: Bool String String  Expected domain: (Seq k!0) (Seq k!0) (Seq k!0) ") (error "line 1252 column 316: Sort of polymorphic function 'str.replace_all' does not match the declared type.  Given domain: Bool String String  Expected domain: (Seq k!0) (Seq k!0) (Seq k!0) ") (error "line 1256 column 320: Sort of polymorphic function 'str.replace_all' does not match the declared type.  Given domain: Bool String String  Expected domain: (Seq k!0) (Seq k!0) (Seq k!0) ") (error "line 1265 column 320: Sort of polymorphic function 'str.replace_all' does not match the declared type.  Given domain: Bool String String  Expected domain: (Seq k!0) (Seq k!0) (Seq k!0) ") (error "line 1278 column 320: Sort of polymorphic function 'str.replace_all' does not match the declared type.  Given domain: Bool String String  Expected domain: (Seq k!0) (Seq k!0) (Seq k!0) ") (error "line 1287 column 320: Sort of polymorphic function 'str.replace_all' does not match the declared type.  Given domain: Bool String String  Expected domain: (Seq k!0) (Seq k!0) (Seq k!0) ") (error "line 1302 column 320: Sort of polymorphic function 'str.replace_all' does not match the declared type.  Given domain: Bool String String  Expected domain: (Seq k!0) (Seq k!0) (Seq k!0) ") (error "line 1304 column 315: Sort of polymorphic function 'str.replace_all' does not match the declared type.  Given domain: Bool String String  Expected domain: (Seq k!0) (Seq k!0) (Seq k!0) ") (error "line 1305 column 320: Sort of polymorphic function 'str.replace_all' does not match the declared type.  Given domain: Bool String String  Expected domain: (Seq k!0) (Seq k!0) (Seq k!0) ") (error "line 1310 column 319: Sort of polymorphic function 'str.replace_all' does not match the declared type.  Given domain: Bool String String  Expected domain: (Seq k!0) (Seq k!0) (Seq k!0) ") (error "line 1311 column 320: Sort of polymorphic function 'str.replace_all' does not match the declared type.  Given domain: Bool String String  Expected domain: (Seq k!0) (Seq k!0) (Seq k!0) ") (error "line 1314 column 319: Sort of polymorphic function 'str.replace_all' does not match the declared type.  Given domain: Bool String String  Expected domain: (Seq k!0) (Seq k!0) (Seq k!0) ") (error "line 1321 column 320: Sort of polymorphic function 'str.replace_all' does not match the declared type.  Given domain: Bool String String  Expected domain: (Seq k!0) (Seq k!0) (Seq k!0) ") (error "line 1322 column 319: Sort of polymorphic function 'str.replace_all' does not match the declared type.  Given domain: Bool String String  Expected domain: (Seq k!0) (Seq k!0) (Seq k!0) ") (error "line 1327 column 320: Sort of polymorphic function 'str.replace_all' does not match the declared type.  Given domain: Bool String String  Expected domain: (Seq k!0) (Seq k!0) (Seq k!0) ") (error "line 1332 column 319: Sort of polymorphic function 'str.replace_all' does not match the declared type.  Given domain: Bool String String  Expected domain: (Seq k!0) (Seq k!0) (Seq k!0) ") (error "line 1333 column 319: Sort of polymorphic function 'str.replace_all' does not match the declared type.  Given domain: Bool String String  Expected domain: (Seq k!0) (Seq k!0) (Seq k!0) ") (error "line 1339 column 319: Sort of polymorphic function 'str.replace_all' does not match the declared type.  Given domain: Bool String String  Expected domain: (Seq k!0) (Seq k!0) (Seq k!0) ") (error "line 1342 column 315: Sort of polymorphic function 'str.replace_all' does not match the declared type.  Given domain: Bool String String  Expected domain: (Seq k!0) (Seq k!0) (Seq k!0) ") (error "line 1344 column 320: Sort of polymorphic function 'str.replace_all' does not match the declared type.  Given domain: Bool String String  Expected domain: (Seq k!0) (Seq k!0) (Seq k!0) ") (error "line 1349 column 319: Sort of polymorphic function 'str.replace_all' does not match the declared type.  Given domain: Bool String String  Expected domain: (Seq k!0) (Seq k!0) (Seq k!0) ") (error "line 1354 column 320: Sort of polymorphic function 'str.replace_all' does not match the declared type.  Given domain: Bool String String  Expected domain: (Seq k!0) (Seq k!0) (Seq k!0) ") (error "line 1356 column 320: Sort of polymorphic function 'str.replace_all' does not match the declared type.  Given domain: Bool String String  Expected domain: (Seq k!0) (Seq k!0) (Seq k!0) ") (error "line 1359 column 320: Sort of polymorphic function 'str.replace_all' does not match the declared type.  Given domain: Bool String String  Expected domain: (Seq k!0) (Seq k!0) (Seq k!0) ") (error "line 1360 column 320: Sort of polymorphic function 'str.replace_all' does not match the declared type.  Given domain: Bool String String  Expected domain: (Seq k!0) (Seq k!0) (Seq k!0) ") (error "line 1363 column 320: Sort of polymorphic function 'str.replace_all' does not match the declared type.  Given domain: Bool String String  Expected domain: (Seq k!0) (Seq k!0) (Seq k!0) ") (error "line 1365 column 320: Sort of polymorphic function 'str.replace_all' does not match the declared type.  Given domain: Bool String String  Expected domain: (Seq k!0) (Seq k!0) (Seq k!0) ") (error "line 1368 column 320: Sort of polymorphic function 'str.replace_all' does not match the declared type.  Given domain: Bool String String  Expected domain: (Seq k!0) (Seq k!0) (Seq k!0) ") (error "line 1375 column 315: Sort of polymorphic function 'str.replace_all' does not match the declared type.  Given domain: Bool String String  Expected domain: (Seq k!0) (Seq k!0) (Seq k!0) ") (error "line 1376 column 311: Sort of polymorphic function 'str.replace_all' does not match the declared type.  Given domain: Bool String String  Expected domain: (Seq k!0) (Seq k!0) (Seq k!0) ") (error "line 1380 column 316: Sort of polymorphic function 'str.replace_all' does not match the declared type.  Given domain: Bool String String  Expected domain: (Seq k!0) (Seq k!0) (Seq k!0) ") (error "line 1385 column 320: Sort of polymorphic function 'str.replace_all' does not match the declared type.  Given domain: Bool String String  Expected domain: (Seq k!0) (Seq k!0) (Seq k!0) ") (error "line 1388 column 319: Sort of polymorphic function 'str.replace_all' does not match the declared type.  Given domain: Bool String String  Expected domain: (Seq k!0) (Seq k!0) (Seq k!0) ") (error "line 1391 column 320: Sort of polymorphic function 'str.replace_all' does not match the declared type.  Given domain: Bool String String  Expected domain: (Seq k!0) (Seq k!0) (Seq k!0) ") (error "line 1392 column 320: Sort of polymorphic function 'str.replace_all' does not match the declared type.  Given domain: Bool String String  Expected domain: (Seq k!0) (Seq k!0) (Seq k!0) ") (error "line 1409 column 320: Sort of polymorphic function 'str.replace_all' does not match the declared type.  Given domain: Bool String String  Expected domain: (Seq k!0) (Seq k!0) (Seq k!0) ") (error "line 1410 column 320: Sort of polymorphic function 'str.replace_all' does not match the declared type.  Given domain: Bool String String  Expected domain: (Seq k!0) (Seq k!0) (Seq k!0) ") (error "line 1419 column 320: Sort of polymorphic function 'str.replace_all' does not match the declared type.  Given domain: Bool String String  Expected domain: (Seq k!0) (Seq k!0) (Seq k!0) ") (error "line 1422 column 316: Sort of polymorphic function 'str.replace_all' does not match the declared type.  Given domain: Bool String String  Expected domain: (Seq k!0) (Seq k!0) (Seq k!0) ") (error "line 1425 column 315: Sort of polymorphic function 'str.replace_all' does not match the declared type.  Given domain: Bool String String  Expected domain: (Seq k!0) (Seq k!0) (Seq k!0) ") (error "line 1427 column 320: Sort of polymorphic function 'str.replace_all' does not match the declared type.  Given domain: Bool String String  Expected domain: (Seq k!0) (Seq k!0) (Seq k!0) ") (error "line 1429 column 320: Sort of polymorphic function 'str.replace_all' does not match the declared type.  Given domain: Bool String String  Expected domain: (Seq k!0) (Seq k!0) (Seq k!0) ") (error "line 1432 column 320: Sort of polymorphic function 'str.replace_all' does not match the declared type.  Given domain: Bool String String  Expected domain: (Seq k!0) (Seq k!0) (Seq k!0) ") (error "line 1443 column 314: Sort of polymorphic function 'str.replace_all' does not match the declared type.  Given domain: Bool String String  Expected domain: (Seq k!0) (Seq k!0) (Seq k!0) ") (error "line 1446 column 320: Sort of polymorphic function 'str.replace_all' does not match the declared type.  Given domain: Bool String String  Expected domain: (Seq k!0) (Seq k!0) (Seq k!0) ") (error "line 1448 column 315: Sort of polymorphic function 'str.replace_all' does not match the declared type.  Given domain: Bool String String  Expected domain: (Seq k!0) (Seq k!0) (Seq k!0) ") (error "line 1454 column 320: Sort of polymorphic function 'str.replace_all' does not match the declared type.  Given domain: Bool String String  Expected domain: (Seq k!0) (Seq k!0) (Seq k!0) ") (error "line 1456 column 320: Sort of polymorphic function 'str.replace_all' does not match the declared type.  Given domain: Bool String String  Expected domain: (Seq k!0) (Seq k!0) (Seq k!0) ") (error "line 1459 column 320: Sort of polymorphic function 'str.replace_all' does not match the declared type.  Given domain: Bool String String  Expected domain: (Seq k!0) (Seq k!0) (Seq k!0) ") (error "line 1471 column 320: Sort of polymorphic function 'str.replace_all' does not match the declared type.  Given domain: Bool String String  Expected domain: (Seq k!0) (Seq k!0) (Seq k!0) ") (error "line 1475 column 320: Sort of polymorphic function 'str.replace_all' does not match the declared type.  Given domain: Bool String String  Expected domain: (Seq k!0) (Seq k!0) (Seq k!0) ") (error "line 1478 column 320: Sort of polymorphic function 'str.replace_all' does not match the declared type.  Given domain: Bool String String  Expected domain: (Seq k!0) (Seq k!0) (Seq k!0) ") sat (   (define-fun sym9001 () String     "")   (define-fun sym21748 () String     " ")   (define-fun sym3724 () String     "")   (define-fun sym21465 () String     "")   (define-fun sym9782 () String     "")   (define-fun sym2340 () String     "")   (define-fun sym3555 () String     "")   (define-fun sym759 () String     "")   (define-fun sym14356 () String     "")   (define-fun sym15696 () String     "")   (define-fun sym9653 () String     "")   (define-fun sym12411 () String     "")   (define-fun sym13045 () String     "")   (define-fun sym25580 () String     "")   (define-fun sym28753 () String     "")   (define-fun sym23231 () String     "")   (define-fun sym22022 () String     "")   (define-fun sym29708 () String     "")   (define-fun sym4657 () String     "")   (define-fun sym17326 () String     "")   (define-fun sym28001 () String     "")   (define-fun sym27854 () String     "")   (define-fun sym22335 () String     "")   (define-fun sym23297 () String     "")   (define-fun out_str () String     "")   (define-fun sym13704 () String     "")   (define-fun sym1325 () String     "")   (define-fun sym29042 () String     "")   (define-fun sym4264 () String     "")   (define-fun sym15806 () String     "")   (define-fun sym28238 () String     "")   (define-fun sym31691 () String     "")   (define-fun sym31250 () String     "")   (define-fun sym31184 () String     "")   (define-fun sym17562 () String     "")   (define-fun sym29380 () String     "")   (define-fun sym8806 () String     "")   (define-fun sym11312 () String     "")   (define-fun sym27369 () String     "")   (define-fun sym24339 () String     "")   (define-fun sym16173 () String     "")   (define-fun sym23642 () String     "")   (define-fun sym28636 () String     "")   (define-fun sym16107 () String     "")   (define-fun Alphabet () RegLan     (let ((a!1 (re.union (re.union (re.union (str.to_re " ") (str.to_re "("))                                (str.to_re ")"))                      (str.to_re "*")))) (let ((a!2 (re.union (re.union (re.union a!1 (str.to_re "+")) (str.to_re "-"))                      (str.to_re "/")))) (let ((a!3 (re.union (re.union (re.union a!2 (str.to_re "0")) (str.to_re "1"))                      (str.to_re "2")))) (let ((a!4 (re.union (re.union (re.union a!3 (str.to_re "3")) (str.to_re "4"))                      (str.to_re "5")))) (let ((a!5 (re.union (re.union (re.union a!4 (str.to_re "6")) (str.to_re "7"))                      (str.to_re "8")))) (let ((a!6 (re.union (re.union (re.union a!5 (str.to_re "9")) (str.to_re "{"))                      (str.to_re "[")))) (let ((a!7 (re.union (re.union (re.union a!6 (str.to_re "]")) (str.to_re "}"))                      (str.to_re "^"))))   (re.* a!7)))))))))   (define-fun sym22952 () String     "")   (define-fun sym4766 () String     "")   (define-fun sym11805 () String     "")   (define-fun sym12918 () String     "")   (define-fun sym14442 () String     "")   (define-fun sym16474 () String     "")   (define-fun sym18610 () String     "")   (define-fun sym31515 () String     "")   (define-fun sym21397 () String     "")   (define-fun sym6058 () String     "")   (define-fun sym29870 () String     "")   (define-fun sym11908 () String     "")   (define-fun sym1612 () String     "")   (define-fun sym18958 () String     "")   (define-fun sym12292 () String     "")   (define-fun sym28410 () String     "")   (define-fun sym2416 () String     "")   (define-fun sym5277 () String     "")   (define-fun sym5617 () String     "")   (define-fun sym8430 () String     "")   (define-fun sym3327 () String     " ")   (define-fun sym29835 () String     "")   (define-fun sym5830 () String     "")   (define-fun sym32073 () String     "")   (define-fun sym3922 () String     "")   (define-fun sym16540 () String     "")   (define-fun sym27259 () String     "")   (define-fun sym21710 () String     " ")   (define-fun sym25208 () String     "")   (define-fun sym15975 () String     "")   (define-fun sym13946 () String     "")   (define-fun sym4690 () String     "")   (define-fun sym19100 () String     "")   (define-fun sym8643 () String     "")   (define-fun sym8 () String     "")   (define-fun sym32559 () String     "")   (define-fun sym12130 () String     "")   (define-fun sym12505 () String     "")   (define-fun sym28324 () String     "")   (define-fun sym18796 () String     "")   (define-fun sym28152 () String     "")   (define-fun sym32126 () String     "")   (define-fun sym21153 () String     "")   (define-fun sym29531 () String     "")   (define-fun sym24642 () String     "")   (define-fun sym26873 () String     "")   (define-fun sym28880 () String     "")   (define-fun sym7846 () String     "")   (define-fun sym11139 () String     "")   (define-fun sym3790 () String     "")   (define-fun sym22088 () String     "")   (define-fun sym32040 () String     "")   (define-fun sym6185 () String     "")   (define-fun sym22504 () String     "")   (define-fun sym6220 () String     "")   (define-fun sym17691 () String     "")   (define-fun sym3448 () String     "")   (define-fun sym9688 () String     "")   (define-fun sym2237 () String     "")   (define-fun sym7909 () String     "")   (define-fun sym11613 () String     "")   (define-fun sym22717 () String     "")   (define-fun sym24398 () String     "")   (define-fun sym24363 () String     "")   (define-fun sym4609 () String     "")   (define-fun sym13883 () String     "")   (define-fun sym31757 () String     "")   (define-fun sym1410 () String     "")   (define-fun sym4543 () String     "")   (define-fun sym26694 () String     "")   (define-fun sym3988 () String     "")   (define-fun sym10086 () String     "")   (define-fun sym32795 () String     "")   (define-fun sym17154 () String     "")   (define-fun sym26936 () String     "")   (define-fun sym5022 () String     "")   (define-fun sym32653 () String     "")   (define-fun sym16041 () String     "")   (define-fun sym24059 () String     "")   (define-fun sym18191 () String     "")   (define-fun sym20963 () String     "")   (define-fun sym14144 () String     "")   (define-fun sym15322 () String     "")   (define-fun sym18331 () String     "")   (define-fun sym10051 () String     "")   (define-fun sym825 () String     "")   (define-fun sym17101 () String     "")   (define-fun sym17068 () String     "")   (define-fun sym24865 () String     "")   (define-fun sym4132 () String     "")   (define-fun sym19262 () String     "")   (define-fun sym23548 () String     "")   (define-fun sym5949 () String     "")   (define-fun sym21849 () String     "")   (define-fun sym2213 () String     "")   (define-fun sym18737 () String     "")   (define-fun sym29566 () String     "")   (define-fun sym21270 () String     "")   (define-fun sym20687 () String     " ")   (define-fun sym24677 () String     "")   (define-fun sym27134 () String     "")   (define-fun sym20841 () String     "")   (define-fun sym23932 () String     "")   (define-fun sym9526 () String     "")   (define-fun sym18761 () String     "")   (define-fun sym11009 () String     " ")   (define-fun sym4198 () String     "")   (define-fun sym7667 () String     "")   (define-fun sym12257 () String     "")   (define-fun sym17240 () String     "")   (define-fun sym18923 () String     "")   (define-fun sym1259 () String     "")   (define-fun sym14270 () String     "")   (define-fun sym30988 () String     " ")   (define-fun sym17945 () String     "")   (define-fun sym8188 () String     "")   (define-fun sym2578 () String     "")   (define-fun sym8019 () String     "")   (define-fun sym14012 () String     "")   (define-fun sym24315 () String     "")   (define-fun sym18448 () String     "")   (define-fun sym8892 () String     "")   (define-fun sym11481 () String     "")   (define-fun sym25243 () String     "")   (define-fun sym16905 () String     "")   (define-fun sym33051 () String     "")   (define-fun sym21041 () String     "")   (define-fun sym15501 () String     "")   (define-fun sym3347 () String     " ")   (define-fun sym5523 () String     "")   (define-fun sym10951 () String     "")   (define-fun sym3856 () String     "")   (define-fun sym14749 () String     "")   (define-fun sym15872 () String     "")   (define-fun sym25488 () String     "")   (define-fun sym4893 () String     "")   (define-fun sym21912 () String     "")   (define-fun sym16364 () String     "")   (define-fun sym1859 () String     "")   (define-fun sym2543 () String     "")   (define-fun sym8364 () String     "")   (define-fun sym2018 () String     "")   (define-fun sym28185 () String     "")   (define-fun sym9924 () String     "")   (define-fun sym23062 () String     "")   (define-fun sym22886 () String     "")   (define-fun sym8839 () String     "")   (define-fun sym16239 () String     "")   (define-fun sym27002 () String     "")   (define-fun sym21652 () String     "")   (define-fun sym3621 () String     "")   (define-fun sym29345 () String     "")   (define-fun sym31926 () String     "")   (define-fun sym2145 () String     "")   (define-fun sym13762 () String     " ")   (define-fun sym31860 () String     "")   (define-fun sym12013 () String     "")   (define-fun sym17818 () String     "")   (define-fun sym22570 () String     "")   (define-fun sym24188 () String     "")   (define-fun sym11739 () String     "")   (define-fun sym5404 () String     "")   (define-fun sym15380 () String     " ")   (define-fun sym27435 () String     "")   (define-fun sym14303 () String     "")   (define-fun sym23386 () String     "")   (define-fun sym15630 () String     "")   (define-fun sym25464 () String     "")   (define-fun sym8254 () String     "")   (define-fun sym7725 () String     " ")   (define-fun sym20649 () String     " ")   (define-fun sym22783 () String     "")   (define-fun sym31581 () String     "")   (define-fun sym11038 () String     " ")   (define-fun sym26772 () String     " ")   (define-fun sym1038 () String     "")   (define-fun sym32440 () String     "")   (define-fun sym33239 () String     "")   (define-fun sym24094 () String     "")   (define-fun sym32957 () String     "")   (define-fun sym23439 () String     "")   (define-fun sym8085 () String     "")   (define-fun sym4066 () String     "")   (define-fun sym29101 () String     "")   (define-fun sym15400 () String     " ")   (define-fun sym3269 () String     "")   (define-fun sym16971 () String     "")   (define-fun sym324 () String     " ")   (define-fun sym22225 () String     "")   (define-fun sym31992 () String     "")   (define-fun sym9128 () String     "")   (define-fun sym28067 () String     "")   (define-fun sym1479 () String     "")   (define-fun sym16758 () String     "")   (define-fun sym11960 () String     "")   (define-fun sym9351 () String     "")   (define-fun sym25512 () String     "")   (define-fun sym4440 () String     "")   (define-fun sym31375 () String     "")   (define-fun sym649 () String     "")   (define-fun sym23815 () String     "")   (define-fun sym11202 () String     "")   (define-fun sym14078 () String     "")   (define-fun sym4374 () String     "")   (define-fun sym14528 () String     "")   (define-fun sym27068 () String     "")   (define-fun sym31121 () String     "")   (define-fun sym20582 () String     "")   (define-fun sym112 () String     " ")   (define-fun sym23128 () String     "")   (define-fun sym12624 () String     "")   (define-fun sym18575 () String     "")   (define-fun sym15564 () String     "")   (define-fun sym9257 () String     "")   (define-fun sym1729 () String     "")   (define-fun sym972 () String     "")   (define-fun sym4928 () String     "")   (define-fun sym18072 () String     "")   (define-fun sym31008 () String     " ")   (define-fun sym27751 () String     "")   (define-fun sym32922 () String     "")   (define-fun sym5736 () String     "")   (define-fun sym12756 () String     "")   (define-fun sym17435 () String     "")   (define-fun sym25081 () String     "")   (define-fun sym520 () String     "")   (define-fun sym32212 () String     "")   (define-fun sym26752 () String     " ")   (define-fun sym2305 () String     "")   (define-fun sym27538 () String     "")   (define-fun sym11547 () String     "")   (define-fun sym8709 () String     "")   (define-fun sym29218 () String     "")   (define-fun sym1901 () String     "")   (define-fun sym14210 () String     "")   (define-fun sym8533 () String     "")   (define-fun sym29066 () String     "")   (define-fun sym27685 () String     "")   (define-fun sym24515 () String     "")   (define-fun sym28496 () String     "")   (define-fun sym11378 () String     "")   (define-fun sym17597 () String     "")   (define-fun sym22401 () String     "")   (define-fun sym6314 () String     "")   (define-fun sym24771 () String     "")   (define-fun sym28915 () String     "")   (define-fun sym30930 () String     "")   (define-fun sym19227 () String     "")   (define-fun sym29507 () String     "")   (define-fun sym16643 () String     "")   (define-fun sym14622 () String     "")   (define-fun sym12883 () String     "")   (define-fun sym7745 () String     " ")   (define-fun sym5150 () String     "")   (define-fun sym33145 () String     "")   (define-fun sym6441 () String     "")   (define-fun sym13782 () String     " ")   (define-fun sym25337 () String     "")   (define-fun sym9163 () String     "")   (define-fun sym29176 () String     "(")   (define-fun sym2374 () String     "(")   (define-fun sym1687 () String     "(")   (define-fun sym29009 () String     ")")   (define-fun sym12224 () String     ")")   (define-fun sym18890 () String     ")")   (define-fun sym32889 () String     ")")   (define-fun sym18406 () String     "(")   (define-fun sym23506 () String     "(")   (define-fun sym2272 () String     ")")   (define-fun sym21730 () String     ")")   (define-fun sym2510 () String     ")")   (define-fun sym1976 () String     "(")   (define-fun sym25175 () String     ")")   (define-fun sym19058 () String     "(")   (define-fun sym1823 () String     ")")   (define-fun sym18704 () String     ")")   (define-fun sym32310 () String     "(")   (define-fun sym11029 () String     ")")   (define-fun sym23750 () String     "(")   (define-fun sym97 () String     "(")   (define-fun sym24609 () String     ")")   (define-fun sym17529 () String     ")")   (define-fun sym12088 () String     "(")   (define-fun sym1424 () String     "(")   (define-fun sym28571 () String     "(")   (define-fun ws () RegLan     (re.union (str.to_re "")           (re.++ (re.range "\u{0}" " ") (re.* (re.range "\u{0}" " ")))))   (define-fun sym25431 () String     ")")   (define-fun sym29666 () String     "(")   (define-fun sym28594 () String     "(")   (define-fun sym17393 () String     "(")   (define-fun sym28847 () String     ")")   (define-fun sym8959 () String     "(")   (define-fun sym18542 () String     ")")   (define-fun sym32396 () String     ")")   (define-fun sym29802 () String     ")")   (define-fun sym32287 () String     "(")   (define-fun sym18289 () String     "(")   (define-fun sym9095 () String     ")")   (define-fun sym20640 () String     "(")   (define-fun sym29312 () String     ")")   (define-fun sym10018 () String     ")")   (define-fun sym4860 () String     ")")   (define-fun sym25039 () String     "(")   (define-fun sym25547 () String     ")")   (define-fun sym18266 () String     "(")   (define-fun sym24026 () String     ")")   (define-fun sym2112 () String     ")")   (define-fun sym21739 () String     ")")   (define-fun sym29474 () String     ")")   (define-fun sym21111 () String     "(")   (define-fun sym20678 () String     ")")   (define-fun sym2180 () String     ")")   (define-fun sym23773 () String     "(")   (define-fun sym20669 () String     ")")   (define-fun sym12850 () String     ")")   (define-fun sym6152 () String     ")")   (define-fun sym12714 () String     "(")   (define-fun sym12691 () String     "(")   (define-fun sym23890 () String     "(")   (define-fun sym1570 () String     "(")   (define-fun sym32753 () String     "(")   (define-fun sym21432 () String     ")")   (define-fun sym13012 () String     ")")   (define-fun sym4724 () String     "(")   (define-fun sym21364 () String     ")")   (define-fun sym24282 () String     ")")   (define-fun sym24473 () String     "(")   (define-fun sym9620 () String     ")")   (define-fun nwc () RegLan     (re.inter (re.comp (re.range "\u{0}" " ")) re.allchar))   (define-fun sym28711 () String     "(")   (define-fun sym19194 () String     ")")   (define-fun sym32352 () String     ")")   (define-fun sym6016 () String     "(")   (define-fun sym21228 () String     "(")   (define-fun sym9484 () String     "(")   (define-fun sym9882 () String     "(") ) 
mathQuizGame01.smt2; sat, 1: "N" 2: "" 3: "" 4: "" 5: "" 6: "" 7: "" 8: "" 9: "" 10: "" 11: "" 12: "HIGH SCHOOL" 13: "Y" 14: "" 15: "" 16: "" 17: "" 18: "" 19: "" 20: "" 21: "" 22: "" 23: "" 24: "ELEMENTARY" ,mathQuizGame01.smt2: (error "Parse Error: benchmarks/not_smt/cvc5/real/mathQuizGame01.smt2:55.38: Symbol 'str.toLower' not declared as a variable") ,,mathQuizGame01.smt2: sat ,(model   (define-fun L17 () String "")   (define-fun L28 () String "")   (define-fun L39 () String "n")   (define-fun L29 () String "elementary")   (define-fun L19 () String "")   (define-fun L12 () String "high school")   (define-fun L79 () String "")   (define-fun L14 () String "")   (define-fun L7 () String "")   (define-fun L41 () String "")   (define-fun L8 () String "")   (define-fun L20 () String "")   (define-fun L42 () String "")   (define-fun L5 () String "")   (define-fun L10 () String "")   (define-fun L43 () String "")   (define-fun L6 () String "")   (define-fun L11 () String "")   (define-fun L3 () String "")   (define-fun L4 () String "")   (define-fun L1 () String "")   (define-fun L2 () String "")   (define-fun L153 () String "y")   (define-fun L0 () String "")   (define-fun sym1193 () String "")   (define-fun sym2482 () String "")   (define-fun sym2140 () String "")   (define-fun sym1570 () String "")   (define-fun sym2596 () String "")   (define-fun sym2254 () String "")   (define-fun sym2026 () String "")   (define-fun sym1684 () String "")   (define-fun sym1079 () String "")   (define-fun sym851 () String "")   (define-fun sym1433 () String "Y")   (define-fun sym2368 () String "")   (define-fun sym1798 () String "")   (define-fun sym122 () String "ELEMENTARY")   (define-fun sym1457 () String "HIGH SCHOOL")   (define-fun sym2714 () String "N")   (define-fun sym242 () String "")   (define-fun sym395 () String "")   (define-fun sym509 () String "")   (define-fun sym1912 () String "")   (define-fun sym1307 () String "")   (define-fun sym737 () String "")   (define-fun sym965 () String "")   (define-fun sym623 () String "")   (define-fun RegLan!256 () RegLan Alphabet) ) ,mathQuizGame01.smt2: timeout ,
mathQuizGame02.smt2; sat, 1: "" 2: "" 3: "" 4: "HIGH SCHOOL" 5: "/RESTART" 6: "HIGH SCHOOL" ,mathQuizGame02.smt2: (error "Parse Error: benchmarks/not_smt/cvc5/real/mathQuizGame02.smt2:19.32: Symbol 'str.toLower' not declared as a variable") ,,mathQuizGame02.smt2: sat ,(model   (define-fun L15 () String "high school")   (define-fun L3 () String "")   (define-fun L4 () String "high school")   (define-fun L1 () String "")   (define-fun L2 () String "")   (define-fun L0 () String "/restart")   (define-fun sym283 () String "HIGH SCHOOL")   (define-fun sym637 () String "")   (define-fun sym523 () String "")   (define-fun sym122 () String "HIGH SCHOOL")   (define-fun sym374 () String "")   (define-fun sym252 () String "/RESTART")   (define-fun RegLan!244 () RegLan Alphabet) ) ,mathQuizGame02.smt2: timeout ,
mathQuizGame03.smt2; sat, 1: "/QUIT" 2: "HIGH SCHOOL" ,mathQuizGame03.smt2: (error "Parse Error: benchmarks/not_smt/cvc5/real/mathQuizGame03.smt2:11.32: Symbol 'str.toLower' not declared as a variable") ,,mathQuizGame03.smt2: sat ,(model   (define-fun L1 () String "high school")   (define-fun L0 () String "/quit")   (define-fun sym122 () String "HIGH SCHOOL")   (define-fun sym252 () String "/QUIT")   (define-fun RegLan!210 () RegLan Alphabet) ) ,mathQuizGame03.smt2: timeout ,
mathQuizGame04.smt2; sat, 1: "" 2: "/CLEAR" 3: "HIGH SCHOOL" ,mathQuizGame04.smt2: (error "Parse Error: benchmarks/not_smt/cvc5/real/mathQuizGame04.smt2:13.48: Symbol 'str.toLower' not declared as a variable") ,,mathQuizGame04.smt2: sat ,(model   (define-fun L8 () String "high school")   (define-fun L1 () String "/clear")   (define-fun L0 () String "")   (define-fun sym302 () String "")   (define-fun sym122 () String "HIGH SCHOOL")   (define-fun sym252 () String "/CLEAR")   (define-fun RegLan!238 () RegLan Alphabet) ) ,mathQuizGame04.smt2: ,
mathQuizGame09.smt2; sat, 1: "/HELP" 2: "MIDDLE SCHOOL" ,mathQuizGame09.smt2: (error "Parse Error: benchmarks/not_smt/cvc5/real/mathQuizGame09.smt2:11.37: Symbol 'str.toLower' not declared as a variable") ,,mathQuizGame09.smt2: sat ,(model   (define-fun L1 () String "middle school")   (define-fun L0 () String "/help")   (define-fun sym247 () String "/HELP")   (define-fun sym122 () String "MIDDLE SCHOOL")   (define-fun RegLan!224 () RegLan Alphabet) ) ,mathQuizGame09.smt2: timeout ,
mathQuizGame10.smt2; sat, 1: "" 2: "" 3: "MIDDLE SCHOOL" ,mathQuizGame10.smt2: (error "Parse Error: benchmarks/not_smt/cvc5/real/mathQuizGame10.smt2:13.37: Symbol 'str.toLower' not declared as a variable") ,,mathQuizGame10.smt2: sat ,(model   (define-fun L1 () String "")   (define-fun L16 () String "middle school")   (define-fun L0 () String "")   (define-fun sym339 () String "")   (define-fun sym247 () String "")   (define-fun sym122 () String "MIDDLE SCHOOL")   (define-fun RegLan!218 () RegLan Alphabet) ) ,mathQuizGame10.smt2: timeout ,
mathQuizGame12.smt2; sat, 1: "N" 2: "" 3: "" 4: "" 5: "" 6: "" 7: "" 8: "" 9: "" 10: "" 11: "" 12: "ELEMENTARY" ,mathQuizGame12.smt2: (error "Parse Error: benchmarks/not_smt/cvc5/real/mathQuizGame12.smt2:31.37: Symbol 'str.toLower' not declared as a variable") ,,mathQuizGame12.smt2: sat ,(model   (define-fun L26 () String "")   (define-fun L7 () String "")   (define-fun L8 () String "")   (define-fun L5 () String "")   (define-fun L21 () String "")   (define-fun L11 () String "")   (define-fun L22 () String "")   (define-fun L1 () String "")   (define-fun L2 () String "n")   (define-fun L62 () String "elementary")   (define-fun L0 () String "")   (define-fun L18 () String "")   (define-fun sym1193 () String "")   (define-fun sym509 () String "")   (define-fun sym1307 () String "")   (define-fun sym737 () String "")   (define-fun sym965 () String "")   (define-fun sym623 () String "")   (define-fun sym1079 () String "")   (define-fun sym851 () String "")   (define-fun sym1433 () String "N")   (define-fun sym122 () String "ELEMENTARY")   (define-fun sym242 () String "")   (define-fun sym395 () String "")   (define-fun RegLan!198 () RegLan Alphabet) ) ,mathQuizGame12.smt2: timeout ,
mathQuizGame13.smt2; sat, 1: "/QUIT" 2: "" 3: "" 4: "" 5: "" 6: "" 7: "" 8: "ELEMENTARY" ,mathQuizGame13.smt2: (error "Parse Error: benchmarks/not_smt/cvc5/real/mathQuizGame13.smt2:23.48: Symbol 'str.toLower' not declared as a variable") ,,mathQuizGame13.smt2: sat ,(model   (define-fun L7 () String "")   (define-fun L8 () String "")   (define-fun L64 () String "elementary")   (define-fun L5 () String "")   (define-fun L3 () String "/quit")   (define-fun L1 () String "")   (define-fun L2 () String "")   (define-fun L0 () String "")   (define-fun sym509 () String "")   (define-fun sym737 () String "")   (define-fun sym965 () String "/QUIT")   (define-fun sym623 () String "")   (define-fun sym851 () String "")   (define-fun sym122 () String "ELEMENTARY")   (define-fun sym242 () String "")   (define-fun sym395 () String "")   (define-fun RegLan!206 () RegLan Alphabet) ) ,mathQuizGame13.smt2: timeout ,
mathQuizGame14.smt2; sat, 1: "N" 2: "" 3: "" 4: "" 5: "" 6: "" 7: "" 8: "" 9: "" 10: "" 11: "" 12: "ELEMENTARY" ,mathQuizGame14.smt2: (error "Parse Error: benchmarks/not_smt/cvc5/real/mathQuizGame14.smt2:31.37: Symbol 'str.toLower' not declared as a variable") ,,mathQuizGame14.smt2: sat ,(model   (define-fun L26 () String "")   (define-fun L7 () String "")   (define-fun L8 () String "")   (define-fun L5 () String "")   (define-fun L21 () String "")   (define-fun L11 () String "")   (define-fun L22 () String "")   (define-fun L1 () String "")   (define-fun L2 () String "n")   (define-fun L62 () String "elementary")   (define-fun L0 () String "")   (define-fun L18 () String "")   (define-fun sym1193 () String "")   (define-fun sym509 () String "")   (define-fun sym1307 () String "")   (define-fun sym737 () String "")   (define-fun sym965 () String "")   (define-fun sym623 () String "")   (define-fun sym1079 () String "")   (define-fun sym851 () String "")   (define-fun sym1433 () String "N")   (define-fun sym122 () String "ELEMENTARY")   (define-fun sym242 () String "")   (define-fun sym395 () String "")   (define-fun RegLan!200 () RegLan Alphabet) ) ,mathQuizGame14.smt2: timeout ,
mathQuizGame15.smt2; sat, 1: "/QUIT" 2: "" 3: "" 4: "" 5: "" 6: "" 7: "" 8: "ELEMENTARY" ,mathQuizGame15.smt2: (error "Parse Error: benchmarks/not_smt/cvc5/real/mathQuizGame15.smt2:23.48: Symbol 'str.toLower' not declared as a variable") ,,mathQuizGame15.smt2: sat ,(model   (define-fun L7 () String "")   (define-fun L8 () String "")   (define-fun L64 () String "elementary")   (define-fun L5 () String "")   (define-fun L3 () String "/quit")   (define-fun L1 () String "")   (define-fun L2 () String "")   (define-fun L0 () String "")   (define-fun sym509 () String "")   (define-fun sym737 () String "")   (define-fun sym965 () String "/QUIT")   (define-fun sym623 () String "")   (define-fun sym851 () String "")   (define-fun sym122 () String "ELEMENTARY")   (define-fun sym242 () String "")   (define-fun sym395 () String "")   (define-fun RegLan!206 () RegLan Alphabet) ) ,mathQuizGame15.smt2: timeout ,
mathQuizGame16.smt2; sat, 1: "N" 2: "" 3: "" 4: "" 5: "" 6: "" 7: "" 8: "" 9: "" 10: "" 11: "" 12: "ELEMENTARY" ,mathQuizGame16.smt2: (error "Parse Error: benchmarks/not_smt/cvc5/real/mathQuizGame16.smt2:31.37: Symbol 'str.toLower' not declared as a variable") ,,mathQuizGame16.smt2: sat ,(model   (define-fun L26 () String "")   (define-fun L7 () String "")   (define-fun L8 () String "")   (define-fun L5 () String "")   (define-fun L21 () String "")   (define-fun L11 () String "")   (define-fun L22 () String "")   (define-fun L1 () String "")   (define-fun L2 () String "n")   (define-fun L62 () String "elementary")   (define-fun L0 () String "")   (define-fun L18 () String "")   (define-fun sym1193 () String "")   (define-fun sym509 () String "")   (define-fun sym1307 () String "")   (define-fun sym737 () String "")   (define-fun sym965 () String "")   (define-fun sym623 () String "")   (define-fun sym1079 () String "")   (define-fun sym851 () String "")   (define-fun sym1433 () String "N")   (define-fun sym122 () String "ELEMENTARY")   (define-fun sym242 () String "")   (define-fun sym395 () String "")   (define-fun RegLan!196 () RegLan Alphabet) ) ,mathQuizGame16.smt2: timeout ,
mathQuizGame17.smt2; sat, 1: "/QUIT" 2: "" 3: "" 4: "" 5: "" 6: "" 7: "ELEMENTARY" ,mathQuizGame17.smt2: (error "Parse Error: benchmarks/not_smt/cvc5/real/mathQuizGame17.smt2:21.48: Symbol 'str.toLower' not declared as a variable") ,,mathQuizGame17.smt2: sat ,(model   (define-fun L42 () String "elementary")   (define-fun L10 () String "")   (define-fun L3 () String "")   (define-fun L4 () String "")   (define-fun L1 () String "/quit")   (define-fun L2 () String "")   (define-fun L0 () String "")   (define-fun sym509 () String "")   (define-fun sym737 () String "")   (define-fun sym623 () String "")   (define-fun sym851 () String "/QUIT")   (define-fun sym122 () String "ELEMENTARY")   (define-fun sym242 () String "")   (define-fun sym395 () String "")   (define-fun RegLan!206 () RegLan Alphabet) ) ,mathQuizGame17.smt2: timeout ,
mathQuizGame19.smt2; sat, 1: "N" 2: "" 3: "" 4: "" 5: "" 6: "" 7: "" 8: "" 9: "" 10: "" 11: "" 12: "MIDDLE SCHOOL" ,mathQuizGame19.smt2: (error "Parse Error: benchmarks/not_smt/cvc5/real/mathQuizGame19.smt2:31.37: Symbol 'str.toLower' not declared as a variable") ,,mathQuizGame19.smt2: sat ,(model   (define-fun L13 () String "")   (define-fun L9 () String "")   (define-fun L8 () String "")   (define-fun L5 () String "")   (define-fun L6 () String "")   (define-fun L11 () String "")   (define-fun L3 () String "middle school")   (define-fun L4 () String "")   (define-fun L1 () String "")   (define-fun L2 () String "")   (define-fun L0 () String "")   (define-fun L39 () String "n")   (define-fun sym628 () String "")   (define-fun sym1084 () String "")   (define-fun sym856 () String "")   (define-fun sym514 () String "")   (define-fun sym1198 () String "")   (define-fun sym247 () String "")   (define-fun sym742 () String "")   (define-fun sym400 () String "")   (define-fun sym1312 () String "")   (define-fun sym970 () String "")   (define-fun sym122 () String "MIDDLE SCHOOL")   (define-fun sym1438 () String "N")   (define-fun RegLan!232 () RegLan Alphabet) ) ,mathQuizGame19.smt2: timeout ,
mathQuizGame20.smt2; sat, 1: "/QUIT" 2: "" 3: "" 4: "" 5: "" 6: "" 7: "" 8: "" 9: "" 10: "" 11: "MIDDLE SCHOOL" ,mathQuizGame20.smt2: (error "Parse Error: benchmarks/not_smt/cvc5/real/mathQuizGame20.smt2:29.38: Symbol 'str.toLower' not declared as a variable") ,,mathQuizGame20.smt2: sat ,(model   (define-fun L8 () String "")   (define-fun L5 () String "")   (define-fun L10 () String "")   (define-fun L21 () String "")   (define-fun L6 () String "")   (define-fun L4 () String "/quit")   (define-fun L1 () String "middle school")   (define-fun L2 () String "")   (define-fun L0 () String "")   (define-fun L29 () String "")   (define-fun L19 () String "")   (define-fun sym628 () String "")   (define-fun sym1084 () String "")   (define-fun sym856 () String "")   (define-fun sym514 () String "")   (define-fun sym1198 () String "")   (define-fun sym742 () String "")   (define-fun sym247 () String "")   (define-fun sym400 () String "")   (define-fun sym1312 () String "/QUIT")   (define-fun sym970 () String "")   (define-fun sym122 () String "MIDDLE SCHOOL")   (define-fun RegLan!238 () RegLan Alphabet) ) ,mathQuizGame20.smt2: timeout ,
mathQuizGame21.smt2; sat, 1: "N" 2: "" 3: "" 4: "" 5: "" 6: "" 7: "" 8: "" 9: "" 10: "" 11: "" 12: "MIDDLE SCHOOL" ,mathQuizGame21.smt2: (error "Parse Error: benchmarks/not_smt/cvc5/real/mathQuizGame21.smt2:31.37: Symbol 'str.toLower' not declared as a variable") ,,mathQuizGame21.smt2: sat ,(model   (define-fun L13 () String "")   (define-fun L9 () String "")   (define-fun L8 () String "")   (define-fun L5 () String "")   (define-fun L6 () String "")   (define-fun L11 () String "")   (define-fun L3 () String "middle school")   (define-fun L4 () String "")   (define-fun L1 () String "")   (define-fun L2 () String "")   (define-fun L0 () String "")   (define-fun L39 () String "n")   (define-fun sym628 () String "")   (define-fun sym1084 () String "")   (define-fun sym856 () String "")   (define-fun sym514 () String "")   (define-fun sym1198 () String "")   (define-fun sym247 () String "")   (define-fun sym742 () String "")   (define-fun sym400 () String "")   (define-fun sym1312 () String "")   (define-fun sym970 () String "")   (define-fun sym122 () String "MIDDLE SCHOOL")   (define-fun sym1438 () String "N")   (define-fun RegLan!230 () RegLan Alphabet) ) ,mathQuizGame21.smt2: timeout ,
mathQuizGame22.smt2; sat, 1: "/QUIT" 2: "" 3: "" 4: "" 5: "" 6: "" 7: "MIDDLE SCHOOL" ,mathQuizGame22.smt2: (error "Parse Error: benchmarks/not_smt/cvc5/real/mathQuizGame22.smt2:21.48: Symbol 'str.toLower' not declared as a variable") ,,mathQuizGame22.smt2: sat ,(model   (define-fun L5 () String "")   (define-fun L10 () String "")   (define-fun L4 () String "")   (define-fun L1 () String "/quit")   (define-fun L2 () String "")   (define-fun L0 () String "")   (define-fun L17 () String "middle school")   (define-fun sym628 () String "")   (define-fun sym856 () String "/QUIT")   (define-fun sym514 () String "")   (define-fun sym247 () String "")   (define-fun sym742 () String "")   (define-fun sym400 () String "")   (define-fun sym122 () String "MIDDLE SCHOOL")   (define-fun RegLan!240 () RegLan Alphabet) ) ,mathQuizGame22.smt2: timeout ,
mathQuizGame23.smt2; sat, 1: "N" 2: "" 3: "" 4: "" 5: "" 6: "" 7: "" 8: "" 9: "" 10: "" 11: "" 12: "MIDDLE SCHOOL" ,mathQuizGame23.smt2: (error "Parse Error: benchmarks/not_smt/cvc5/real/mathQuizGame23.smt2:31.37: Symbol 'str.toLower' not declared as a variable") ,,mathQuizGame23.smt2: sat ,(model   (define-fun L13 () String "")   (define-fun L9 () String "")   (define-fun L8 () String "")   (define-fun L5 () String "")   (define-fun L6 () String "")   (define-fun L11 () String "")   (define-fun L3 () String "middle school")   (define-fun L4 () String "")   (define-fun L1 () String "")   (define-fun L2 () String "")   (define-fun L0 () String "")   (define-fun L39 () String "n")   (define-fun sym628 () String "")   (define-fun sym1084 () String "")   (define-fun sym856 () String "")   (define-fun sym514 () String "")   (define-fun sym1198 () String "")   (define-fun sym247 () String "")   (define-fun sym742 () String "")   (define-fun sym400 () String "")   (define-fun sym1312 () String "")   (define-fun sym970 () String "")   (define-fun sym122 () String "MIDDLE SCHOOL")   (define-fun sym1438 () String "N")   (define-fun RegLan!238 () RegLan Alphabet) ) ,mathQuizGame23.smt2: timeout ,
mathQuizGame24.smt2; sat, 1: "/QUIT" 2: "" 3: "" 4: "" 5: "" 6: "" 7: "MIDDLE SCHOOL" ,mathQuizGame24.smt2: (error "Parse Error: benchmarks/not_smt/cvc5/real/mathQuizGame24.smt2:21.48: Symbol 'str.toLower' not declared as a variable") ,,mathQuizGame24.smt2: sat ,(model   (define-fun L5 () String "")   (define-fun L10 () String "")   (define-fun L4 () String "")   (define-fun L1 () String "/quit")   (define-fun L2 () String "")   (define-fun L0 () String "")   (define-fun L17 () String "middle school")   (define-fun sym628 () String "")   (define-fun sym856 () String "/QUIT")   (define-fun sym514 () String "")   (define-fun sym247 () String "")   (define-fun sym742 () String "")   (define-fun sym400 () String "")   (define-fun sym122 () String "MIDDLE SCHOOL")   (define-fun RegLan!238 () RegLan Alphabet) ) ,mathQuizGame24.smt2: timeout ,
mathQuizGame26.smt2; sat, 1: "N" 2: "" 3: "" 4: "" 5: "" 6: "" 7: "" 8: "" 9: "" 10: "" 11: "" 12: "HIGH SCHOOL" ,mathQuizGame26.smt2: (error "Parse Error: benchmarks/not_smt/cvc5/real/mathQuizGame26.smt2:31.38: Symbol 'str.toLower' not declared as a variable") ,,mathQuizGame26.smt2: sat ,(model   (define-fun L48 () String "n")   (define-fun L7 () String "")   (define-fun L8 () String "")   (define-fun L5 () String "")   (define-fun L10 () String "")   (define-fun L6 () String "high school")   (define-fun L4 () String "")   (define-fun L1 () String "")   (define-fun L2 () String "")   (define-fun L0 () String "")   (define-fun L17 () String "")   (define-fun L19 () String "")   (define-fun sym519 () String "")   (define-fun sym747 () String "")   (define-fun sym405 () String "")   (define-fun sym1089 () String "")   (define-fun sym975 () String "")   (define-fun sym1443 () String "N")   (define-fun sym633 () String "")   (define-fun sym1203 () String "")   (define-fun sym861 () String "")   (define-fun sym122 () String "HIGH SCHOOL")   (define-fun sym1317 () String "")   (define-fun sym252 () String "")   (define-fun RegLan!238 () RegLan Alphabet) ) ,mathQuizGame26.smt2: timeout ,
mathQuizGame27.smt2; sat, 1: "/QUIT" 2: "" 3: "" 4: "" 5: "" 6: "" 7: "" 8: "" 9: "" 10: "" 11: "HIGH SCHOOL" ,mathQuizGame27.smt2: (error "Parse Error: benchmarks/not_smt/cvc5/real/mathQuizGame27.smt2:29.38: Symbol 'str.toLower' not declared as a variable") ,,mathQuizGame27.smt2: sat ,(model   (define-fun L23 () String "")   (define-fun L8 () String "")   (define-fun L10 () String "")   (define-fun L21 () String "")   (define-fun L6 () String "")   (define-fun L3 () String "high school")   (define-fun L4 () String "")   (define-fun L1 () String "/quit")   (define-fun L2 () String "")   (define-fun L0 () String "")   (define-fun L29 () String "")   (define-fun sym519 () String "")   (define-fun sym747 () String "")   (define-fun sym405 () String "")   (define-fun sym1089 () String "")   (define-fun sym975 () String "")   (define-fun sym633 () String "")   (define-fun sym1203 () String "")   (define-fun sym861 () String "")   (define-fun sym122 () String "HIGH SCHOOL")   (define-fun sym1317 () String "/QUIT")   (define-fun sym252 () String "")   (define-fun RegLan!246 () RegLan Alphabet) ) ,mathQuizGame27.smt2: timeout ,
mathQuizGame28.smt2; sat, 1: "N" 2: "" 3: "" 4: "" 5: "" 6: "" 7: "" 8: "" 9: "" 10: "" 11: "" 12: "HIGH SCHOOL" ,mathQuizGame28.smt2: (error "Parse Error: benchmarks/not_smt/cvc5/real/mathQuizGame28.smt2:31.38: Symbol 'str.toLower' not declared as a variable") ,,mathQuizGame28.smt2: sat ,(model   (define-fun L48 () String "n")   (define-fun L7 () String "")   (define-fun L8 () String "")   (define-fun L5 () String "")   (define-fun L10 () String "")   (define-fun L6 () String "high school")   (define-fun L4 () String "")   (define-fun L1 () String "")   (define-fun L2 () String "")   (define-fun L0 () String "")   (define-fun L17 () String "")   (define-fun L19 () String "")   (define-fun sym519 () String "")   (define-fun sym747 () String "")   (define-fun sym405 () String "")   (define-fun sym1089 () String "")   (define-fun sym975 () String "")   (define-fun sym1443 () String "N")   (define-fun sym633 () String "")   (define-fun sym1203 () String "")   (define-fun sym861 () String "")   (define-fun sym122 () String "HIGH SCHOOL")   (define-fun sym1317 () String "")   (define-fun sym252 () String "")   (define-fun RegLan!240 () RegLan Alphabet) ) ,mathQuizGame28.smt2: timeout ,
mathQuizGame29.smt2; sat, 1: "/QUIT" 2: "" 3: "" 4: "" 5: "" 6: "" 7: "HIGH SCHOOL" ,mathQuizGame29.smt2: (error "Parse Error: benchmarks/not_smt/cvc5/real/mathQuizGame29.smt2:21.37: Symbol 'str.toLower' not declared as a variable") ,,mathQuizGame29.smt2: sat ,(model   (define-fun L12 () String "")   (define-fun L11 () String "high school")   (define-fun L4 () String "")   (define-fun L1 () String "/quit")   (define-fun L2 () String "")   (define-fun L0 () String "")   (define-fun L18 () String "")   (define-fun sym519 () String "")   (define-fun sym747 () String "")   (define-fun sym405 () String "")   (define-fun sym633 () String "")   (define-fun sym861 () String "/QUIT")   (define-fun sym122 () String "HIGH SCHOOL")   (define-fun sym252 () String "")   (define-fun RegLan!242 () RegLan Alphabet) ) ,mathQuizGame29.smt2: timeout ,
mathQuizGame30.smt2; sat, 1: "N" 2: "" 3: "" 4: "" 5: "" 6: "" 7: "" 8: "" 9: "" 10: "" 11: "" 12: "HIGH SCHOOL" ,mathQuizGame30.smt2: (error "Parse Error: benchmarks/not_smt/cvc5/real/mathQuizGame30.smt2:31.38: Symbol 'str.toLower' not declared as a variable") ,,mathQuizGame30.smt2: sat ,(model   (define-fun L48 () String "n")   (define-fun L7 () String "")   (define-fun L8 () String "")   (define-fun L5 () String "")   (define-fun L10 () String "")   (define-fun L6 () String "high school")   (define-fun L4 () String "")   (define-fun L1 () String "")   (define-fun L2 () String "")   (define-fun L0 () String "")   (define-fun L17 () String "")   (define-fun L19 () String "")   (define-fun sym519 () String "")   (define-fun sym747 () String "")   (define-fun sym405 () String "")   (define-fun sym1089 () String "")   (define-fun sym975 () String "")   (define-fun sym1443 () String "N")   (define-fun sym633 () String "")   (define-fun sym1203 () String "")   (define-fun sym861 () String "")   (define-fun sym122 () String "HIGH SCHOOL")   (define-fun sym1317 () String "")   (define-fun sym252 () String "")   (define-fun RegLan!240 () RegLan Alphabet) ) ,mathQuizGame30.smt2: timeout ,
mathQuizGame31.smt2; sat, 1: "/QUIT" 2: "" 3: "" 4: "" 5: "" 6: "" 7: "" 8: "HIGH SCHOOL" ,mathQuizGame31.smt2: (error "Parse Error: benchmarks/not_smt/cvc5/real/mathQuizGame31.smt2:23.37: Symbol 'str.toLower' not declared as a variable") ,,mathQuizGame31.smt2: sat ,(model   (define-fun L7 () String "")   (define-fun L41 () String "high school")   (define-fun L10 () String "")   (define-fun L6 () String "")   (define-fun L1 () String "")   (define-fun L2 () String "")   (define-fun L0 () String "")   (define-fun L17 () String "/quit")   (define-fun sym519 () String "")   (define-fun sym747 () String "")   (define-fun sym405 () String "")   (define-fun sym975 () String "/QUIT")   (define-fun sym633 () String "")   (define-fun sym861 () String "")   (define-fun sym122 () String "HIGH SCHOOL")   (define-fun sym252 () String "")   (define-fun RegLan!244 () RegLan Alphabet) ) ,mathQuizGame31.smt2: timeout ,
naturalCLI01.smt2; unsat ,naturalCLI01.smt2: (error "Parse Error: benchmarks/not_smt/cvc5/real/naturalCLI01.smt2:40.86: Symbol '<=' not declared as a variable") ,,naturalCLI01.smt2: (error "str_substr cannot be applied to arguments of type String, SMTInteger") ,,naturalCLI01.smt2: (error "line 43 column 63: Unexpected number of arguments to 'str.substr' 3 arguments expected 2 given") ,(error "line 44 column 70: Unexpected number of arguments to 'str.substr' 3 arguments expected 2 given") (error "line 46 column 64: Unexpected number of arguments to 'str.substr' 3 arguments expected 2 given") (error "line 47 column 61: Unexpected number of arguments to 'str.substr' 3 arguments expected 2 given") (error "line 49 column 65: Unexpected number of arguments to 'str.substr' 3 arguments expected 2 given") (error "line 54 column 62: Unexpected number of arguments to 'str.substr' 3 arguments expected 2 given") (error "line 56 column 62: Unexpected number of arguments to 'str.substr' 3 arguments expected 2 given") (error "line 59 column 64: Unexpected number of arguments to 'str.substr' 3 arguments expected 2 given") (error "line 60 column 63: Unexpected number of arguments to 'str.substr' 3 arguments expected 2 given") (error "line 63 column 70: Unexpected number of arguments to 'str.substr' 3 arguments expected 2 given") (error "line 67 column 65: Unexpected number of arguments to 'str.substr' 3 arguments expected 2 given") (error "line 71 column 61: Unexpected number of arguments to 'str.substr' 3 arguments expected 2 given") sat (   (define-fun sym186 () String     "")   (define-fun sym1296 () String     ":::::::::::::::::")   (define-fun sym526 () String     "")   (define-fun sym429 () String     "")   (define-fun sym1199 () String     "")   (define-fun sym1730 () String     "")   (define-fun sym37 () String     "y")   (define-fun Alphabet () RegLan     (let ((a!1 (re.union (re.union (re.union (str.to_re ":") (str.to_re "<"))                                (str.to_re ">"))                      (str.to_re "A")))) (let ((a!2 (re.union (re.union (re.union a!1 (str.to_re "B")) (str.to_re "C"))                      (str.to_re "D")))) (let ((a!3 (re.union (re.union (re.union a!2 (str.to_re "E")) (str.to_re "F"))                      (str.to_re "G")))) (let ((a!4 (re.union (re.union (re.union a!3 (str.to_re "H")) (str.to_re "I"))                      (str.to_re "J")))) (let ((a!5 (re.union (re.union (re.union a!4 (str.to_re "K")) (str.to_re "L"))                      (str.to_re "M")))) (let ((a!6 (re.union (re.union (re.union a!5 (str.to_re "N")) (str.to_re "O"))                      (str.to_re "P")))) (let ((a!7 (re.union (re.union (re.union a!6 (str.to_re "Q")) (str.to_re "R"))                      (str.to_re "S")))) (let ((a!8 (re.union (re.union (re.union a!7 (str.to_re "T")) (str.to_re "U"))                      (str.to_re "V")))) (let ((a!9 (re.union (re.union (re.union a!8 (str.to_re "W")) (str.to_re "X"))                      (str.to_re "Y")))) (let ((a!10 (re.union (re.union (re.union a!9 (str.to_re "Z")) (str.to_re "a"))                       (str.to_re "b")))) (let ((a!11 (re.union (re.union (re.union a!10 (str.to_re "c")) (str.to_re "d"))                       (str.to_re "e")))) (let ((a!12 (re.union (re.union (re.union a!11 (str.to_re "f")) (str.to_re "g"))                       (str.to_re "h")))) (let ((a!13 (re.union (re.union (re.union a!12 (str.to_re "i")) (str.to_re "j"))                       (str.to_re "k")))) (let ((a!14 (re.union (re.union (re.union a!13 (str.to_re "l")) (str.to_re "m"))                       (str.to_re "n")))) (let ((a!15 (re.union (re.union (re.union a!14 (str.to_re "o")) (str.to_re "p"))                       (str.to_re "q")))) (let ((a!16 (re.union (re.union (re.union a!15 (str.to_re "r")) (str.to_re "s"))                       (str.to_re "t")))) (let ((a!17 (re.union (re.union (re.union a!16 (str.to_re "u")) (str.to_re "v"))                       (str.to_re "w")))) (let ((a!18 (re.union (re.union (re.union a!17 (str.to_re "x")) (str.to_re "y"))                       (str.to_re "z"))))   (re.* a!18))))))))))))))))))))   (define-fun sym848 () String     "")   (define-fun sym1521 () String     "")   (define-fun sym1424 () String     "")   (define-fun sym965 () String     "")   (define-fun sym751 () String     "")   (define-fun sym1865 () String     "")   (define-fun sym1618 () String     "")   (define-fun sym623 () String     "")   (define-fun sym1082 () String     "")   (define-fun sym332 () String     "") ) 
